ticker,date,senti_pos,senti_neu,senti_neg,senti_score,senti_count,pct_ai_news,pct_chip_news,pct_reg_news,news_volatility,senti_count_z
AMD,2024-04-03,0.3333333333333333,0.3333333333333333,0.3333333333333333,0.0,0.0,0.0,0.0,0.0,0.0,0.0
AMD,2024-04-06,0.20142650604248047,2.4409011530224234e-05,0.7985490560531616,-0.59712255,1.0,0.0,0.0,0.0,0.0,-0.7224088615234472
AMD,2024-04-08,0.3361942768096924,0.23897409439086914,0.42483165860176086,-0.088637374,3.0,0.0,0.0,0.0,1.0115343,0.6129529734138341
AMD,2024-04-11,0.0003333954664412886,0.00018285591795574874,0.9994837045669556,-0.99915034,1.0,0.0,0.0,0.0,0.0,-0.7224088615234472
AMD,2024-04-12,0.3774048388004303,0.5839048027992249,0.03869038447737694,0.33871445,3.0,0.6666666666666666,0.3333333333333333,0.0,0.57273394,0.6129529734138341
AMD,2024-04-13,0.5330531001091003,0.4379286766052246,0.029018200933933258,0.50403494,4.0,0.75,0.25,0.0,0.57271826,1.2806338908824748
AMD,2024-04-17,0.7107374668121338,0.25057172775268555,0.038690850138664246,0.6720466,3.0,0.6666666666666666,0.3333333333333333,0.0,0.56801564,0.6129529734138341
AMD,2024-04-18,0.3151198923587799,0.2525840699672699,0.4322960674762726,-0.117176175,4.0,0.25,0.0,0.0,0.83274865,1.2806338908824748
AMD,2024-04-19,0.6602527499198914,0.3334393799304962,0.006307868752628565,0.6539449,3.0,0.0,0.0,0.0,0.5663917,0.6129529734138341
AMD,2024-04-20,2.6381670181763184e-09,1.0,1.898444423886758e-08,-1.6346277e-08,1.0,0.0,0.0,0.0,0.0,-0.7224088615234472
AMD,2024-04-21,8.945355745026973e-08,0.9999992847442627,5.822400339638989e-07,-4.9278646e-07,1.0,1.0,0.0,0.0,0.0,-0.7224088615234472
AMD,2024-04-22,0.15854880213737488,0.20099642872810364,0.6404548287391663,-0.481906,5.0,0.2,0.0,0.0,0.73902524,1.9483148083511157
AMD,2024-04-27,0.005741551518440247,0.03880897909402847,0.9554494619369507,-0.94970787,2.0,0.0,0.0,0.0,0.015579456,-0.05472794405480653
AMD,2024-04-28,0.0286876168102026,0.12743981182575226,0.8438725471496582,-0.81518495,1.0,0.0,0.0,0.0,0.0,-0.7224088615234472
AMD,2024-04-29,0.0286876168102026,0.12743981182575226,0.8438725471496582,-0.81518495,1.0,0.0,0.0,0.0,0.0,-0.7224088615234472
AMD,2024-04-30,0.00017502268019597977,0.08199324458837509,0.9178317785263062,-0.9176567,2.0,0.5,0.0,0.0,0.11643168,-0.05472794405480653
AMD,2024-05-01,0.005454761441797018,0.8977905511856079,0.09675466269254684,-0.0912999,2.0,0.0,0.0,0.0,0.12911762,-0.05472794405480653
AMD,2024-05-02,0.5464727878570557,0.15663430094718933,0.296892911195755,0.24957986,7.0,0.42857142857142855,0.2857142857142857,0.0,0.9263987,3.283676643288397
AMD,2024-05-05,0.010230625048279762,0.5193016529083252,0.4704677164554596,-0.4602371,2.0,0.5,0.0,0.0,0.6508732,-0.05472794405480653
AMD,2024-05-10,8.423165854765102e-05,1.431281248187588e-06,0.999914288520813,-0.99983007,1.0,0.0,0.0,0.0,0.0,-0.7224088615234472
AMD,2024-05-16,0.19345277547836304,0.011925282888114452,0.7946219444274902,-0.6011691,3.0,0.0,0.0,0.0,0.65962344,0.6129529734138341
AMD,2024-07-07,1.9490313718506513e-07,0.9999996423721313,1.2702042795353918e-07,6.788271e-08,1.0,1.0,1.0,0.0,0.0,-0.7224088615234472
AMD,2024-07-08,6.106527621341229e-07,0.9999977350234985,1.6496638863827684e-06,-1.0390111e-06,2.0,0.0,0.5,0.0,1.4594302e-06,-0.05472794405480653
AMD,2024-07-11,1.6217142047025845e-06,0.9789938926696777,0.021004466339945793,-0.021002846,3.0,0.6666666666666666,0.0,0.0,0.03636334,0.6129529734138341
AMD,2024-07-12,1.0066422873933334e-05,1.8865553101932164e-06,0.9999880790710449,-0.999978,1.0,1.0,0.0,0.0,0.0,-0.7224088615234472
AMD,2024-07-15,1.0066412869491614e-05,1.8865553101932164e-06,0.9999880790710449,-0.999978,1.0,1.0,0.0,0.0,0.0,-0.7224088615234472
AMD,2024-07-17,0.00015030737267807126,0.500006914138794,0.4998427927494049,-0.4996925,2.0,0.5,0.0,0.0,0.70666814,-0.05472794405480653
AMD,2024-07-18,0.48812249302864075,0.007224550005048513,0.5046529769897461,-0.016530454,2.0,0.0,0.5,0.0,1.3704082,-0.05472794405480653
AMD,2024-07-25,5.970992424408905e-05,0.014325217343866825,0.9856151342391968,-0.9855554,1.0,0.0,0.0,0.0,0.0,-0.7224088615234472
AMD,2024-07-26,0.015373027883470058,0.013202746398746967,0.9714241623878479,-0.9560511,1.0,0.0,0.0,0.0,0.0,-0.7224088615234472
AMD,2024-07-27,0.015373041853308678,0.013202751986682415,0.9714241623878479,-0.9560511,1.0,0.0,0.0,0.0,0.0,-0.7224088615234472
AMD,2024-07-28,0.015373027883470058,0.013202746398746967,0.9714241623878479,-0.9560511,1.0,0.0,0.0,0.0,0.0,-0.7224088615234472
AMD,2024-07-29,8.125142016979225e-07,0.9999407529830933,5.837866410729475e-05,-5.756615e-05,1.0,1.0,0.0,0.0,0.0,-0.7224088615234472
AMD,2024-07-30,5.349653164898882e-09,1.0,3.26830673635925e-09,2.0813464e-09,1.0,0.0,0.0,0.0,0.0,-0.7224088615234472
AMD,2024-07-31,4.733101466314338e-09,1.0,6.220580939242382e-09,-1.4874796e-09,2.0,0.5,0.5,0.0,5.0470823e-09,-0.05472794405480653
AMD,2024-08-01,0.006533253472298384,0.5727375745773315,0.4207291901111603,-0.41419595,8.0,0.125,0.25,0.0,0.47057894,3.951357560757038
AMD,2024-08-05,4.932760475639952e-06,4.5288373939911253e-07,0.9999946355819702,-0.9999897,1.0,0.0,0.0,0.0,0.0,-0.7224088615234472
AMD,2024-08-08,2.944569587270962e-06,0.9999791383743286,1.7870697774924338e-05,-1.4926129e-05,1.0,0.0,0.0,0.0,0.0,-0.7224088615234472
AMD,2024-08-10,0.01264746580272913,0.9010667204856873,0.08628582209348679,-0.07363835,2.0,0.0,0.0,0.0,0.10414037,-0.05472794405480653
AMD,2024-08-13,6.183661753311753e-06,0.5005139708518982,0.49947986006736755,-0.4994737,2.0,0.5,0.5,0.0,0.7063624,-0.05472794405480653
AMD,2024-08-15,3.297732575902046e-08,1.0,2.4557062161534304e-08,8.420264e-09,1.0,1.0,0.0,0.0,0.0,-0.7224088615234472
AMD,2024-08-19,3.829983143077698e-06,0.9987804293632507,0.001215717289596796,-0.0012118873,1.0,1.0,0.0,0.0,0.0,-0.7224088615234472
AMD,2024-08-20,0.02115473710000515,0.14874596893787384,0.8300992846488953,-0.8089445,6.0,0.16666666666666666,0.0,0.0,0.3303081,2.615995725819756
AMD,2024-08-21,0.031630564481019974,0.011215235106647015,0.9571541547775269,-0.92552364,4.0,0.5,0.0,0.0,0.087002456,1.2806338908824748
AMD,2024-08-23,1.2449643691070378e-05,0.49990466237068176,0.5000828504562378,-0.50007045,2.0,0.0,0.0,0.0,0.7069848,-0.05472794405480653
AMD,2024-08-24,0.0016730265924707055,0.6603131890296936,0.33801373839378357,-0.3363407,3.0,0.0,0.3333333333333333,0.0,0.57442,0.6129529734138341
AMD,2024-08-25,0.1370537132024765,0.5025240182876587,0.3604222536087036,-0.22336853,2.0,0.0,0.0,0.0,0.31589028,-0.05472794405480653
AMD,2024-08-29,0.1370537132024765,0.5025240182876587,0.3604222536087036,-0.22336853,2.0,0.0,0.0,0.0,0.31589028,-0.05472794405480653
AMD,2024-08-31,0.4853847026824951,0.00026583188446238637,0.5143494009971619,-0.028964728,2.0,0.0,0.0,0.0,1.3726584,-0.05472794405480653
AMD,2024-09-01,0.015373027883470058,0.013202746398746967,0.9714241623878479,-0.9560511,1.0,0.0,0.0,0.0,0.0,-0.7224088615234472
AMD,2024-09-04,0.015373041853308678,0.013202751986682415,0.9714241623878479,-0.9560511,1.0,0.0,0.0,0.0,0.0,-0.7224088615234472
AMD,2024-09-06,1.7177904965137714e-06,0.999875545501709,0.00012270538718439639,-0.0001209876,1.0,1.0,0.0,0.0,0.0,-0.7224088615234472
AMD,2024-09-11,0.07291232794523239,0.8501303791999817,0.07695728540420532,-0.0040449575,1.0,0.0,1.0,0.0,0.0,-0.7224088615234472
AMD,2024-09-12,4.900435214949539e-06,0.5001607537269592,0.49983441829681396,-0.49982953,2.0,1.0,0.5,0.0,0.7068657,-0.05472794405480653
AMD,2024-09-13,4.900435214949539e-06,0.5001607537269592,0.49983441829681396,-0.49982953,2.0,1.0,0.5,0.0,0.7068657,-0.05472794405480653
AMD,2024-09-14,1.7211941667483188e-05,0.9999262094497681,5.663219417328946e-05,-3.942025e-05,1.0,0.0,1.0,0.0,0.0,-0.7224088615234472
AMD,2024-09-15,1.7211941667483188e-05,0.9999262094497681,5.663219417328946e-05,-3.942025e-05,1.0,0.0,1.0,0.0,0.0,-0.7224088615234472
AMD,2024-09-17,1.7211941667483188e-05,0.9999262094497681,5.663219417328946e-05,-3.942025e-05,1.0,0.0,1.0,0.0,0.0,-0.7224088615234472
AMD,2024-09-20,2.9239810572789793e-08,0.9999997615814209,2.5875570486277866e-07,-2.2951589e-07,1.0,0.0,0.0,0.0,0.0,-0.7224088615234472
AMD,2024-09-21,0.00019559050269890577,0.6596108078956604,0.34019362926483154,-0.33999804,3.0,0.3333333333333333,0.0,0.0,0.57130843,0.6129529734138341
AMD,2024-09-22,0.00019559038628358394,0.6596108078956604,0.34019362926483154,-0.33999804,3.0,0.3333333333333333,0.0,0.0,0.57130843,0.6129529734138341
ASML,2024-04-04,0.3333333333333333,0.3333333333333333,0.3333333333333333,0.0,0.0,0.0,0.0,0.0,0.0,0.0
ASML,2024-04-08,4.569627435557777e-06,5.249964374343108e-07,0.9999949932098389,-0.9999904,1.0,0.0,0.0,0.0,0.0,-0.53748384988657
ASML,2024-04-09,0.0004963662358932197,0.5002967715263367,0.4992068409919739,-0.49871048,2.0,0.0,0.0,0.0,0.705283,1.0749676997731403
ASML,2024-04-17,0.000159433126100339,5.507263722392963e-06,0.9998350143432617,-0.9996756,1.0,0.0,0.0,0.0,0.0,-0.53748384988657
ASML,2024-04-18,0.6338841319084167,0.00037598717608489096,0.3657398223876953,0.26814434,3.0,0.0,0.3333333333333333,0.0,1.0975446,2.687419249432851
ASML,2024-04-20,0.9669740200042725,0.0011043957201763988,0.03192150220274925,0.9350525,1.0,0.0,0.0,0.0,0.0,-0.53748384988657
ASML,2024-04-21,0.0013982228701934218,0.9955888986587524,0.0030129060614854097,-0.0016146832,1.0,0.0,0.0,0.0,0.0,-0.53748384988657
ASML,2024-04-22,0.0007520085200667381,0.497930645942688,0.5013173222541809,-0.5005653,2.0,0.0,0.0,0.0,0.70562273,1.0749676997731403
ASML,2024-04-25,0.0010809203376993537,3.5871013096766546e-05,0.9988831877708435,-0.99780226,1.0,0.0,0.0,0.0,0.0,-0.53748384988657
ASML,2024-04-26,0.3422149121761322,1.4038449990039226e-05,0.657771110534668,-0.3155562,1.0,0.0,0.0,0.0,0.0,-0.53748384988657
ASML,2024-04-27,0.0018501011654734612,0.15770989656448364,0.8404399752616882,-0.83858985,1.0,0.0,0.0,0.0,0.0,-0.53748384988657
ASML,2024-04-28,0.0018501011654734612,0.15770989656448364,0.8404399752616882,-0.83858985,1.0,0.0,0.0,0.0,0.0,-0.53748384988657
ASML,2024-05-02,0.0018501011654734612,0.15770989656448364,0.8404399752616882,-0.83858985,1.0,0.0,0.0,0.0,0.0,-0.53748384988657
ASML,2024-07-17,1.1131675137221464e-06,0.9999890327453613,9.898483767756261e-06,-8.785316e-06,1.0,0.0,0.0,0.0,0.0,-0.53748384988657
ASML,2024-07-20,0.9991540908813477,0.00020206044428050518,0.0006438952405005693,0.9985102,3.0,0.0,0.3333333333333333,0.0,0.0025009478,2.687419249432851
ASML,2024-07-21,6.457044946728274e-05,0.00012509599037002772,0.9998102784156799,-0.9997457,1.0,0.0,0.0,0.0,0.0,-0.53748384988657
ASML,2024-07-27,0.00015909792273305357,0.49993449449539185,0.49990639090538025,-0.49974728,2.0,0.0,0.0,0.0,0.70710456,1.0749676997731403
ASML,2024-07-28,8.286663796752691e-05,0.0002802094095386565,0.9996370077133179,-0.99955416,1.0,0.0,0.0,0.0,0.0,-0.53748384988657
ASML,2024-07-31,8.286679803859442e-05,0.00028020970057696104,0.9996370077133179,-0.99955416,1.0,0.0,0.0,0.0,0.0,-0.53748384988657
ASML,2024-08-03,0.004160711541771889,0.9824167490005493,0.013422544114291668,-0.009261833,2.0,0.0,0.5,0.0,0.015126784,1.0749676997731403
ASML,2024-08-04,0.9979877471923828,0.0014497837983071804,0.0005625344929285347,0.9974252,1.0,0.0,1.0,0.0,0.0,-0.53748384988657
ASML,2024-08-05,0.9979877471923828,0.0014497837983071804,0.0005625344929285347,0.9974252,1.0,0.0,1.0,0.0,0.0,-0.53748384988657
ASML,2024-08-10,0.9979877471923828,0.0014497837983071804,0.0005625344929285347,0.9974252,1.0,0.0,1.0,0.0,0.0,-0.53748384988657
ASML,2024-08-15,4.2132637645408977e-07,0.9999991655349731,4.4418038669391535e-07,-2.285401e-08,1.0,0.0,1.0,0.0,0.0,-0.53748384988657
ASML,2024-08-28,2.5178958821925335e-05,0.5000132918357849,0.4999614953994751,-0.4999363,2.0,0.5,0.0,0.0,0.7069201,1.0749676997731403
ASML,2024-09-04,0.018135154619812965,0.15768997371196747,0.8241748213768005,-0.8060397,1.0,1.0,0.0,0.0,0.0,-0.53748384988657
ASML,2024-10-21,0.9999386072158813,3.1150902941590175e-05,3.0240005798987113e-05,0.9999084,1.0,0.0,0.0,0.0,0.0,-0.53748384988657
GOOGL,2024-04-03,0.3333333333333333,0.3333333333333333,0.3333333333333333,0.0,0.0,0.0,0.0,0.0,0.0,0.0
GOOGL,2024-04-04,0.42784592509269714,0.04916747659444809,0.522986650466919,-0.095140696,2.0,0.0,0.0,0.0,1.2796086,0.10955642045486541
GOOGL,2024-04-06,7.53746144255274e-06,2.4365706849494018e-05,0.9999681711196899,-0.99996066,1.0,0.0,0.0,0.0,0.0,-0.8490622585252066
GOOGL,2024-04-08,1.0910621313087177e-05,3.273031325079501e-05,0.9999563694000244,-0.99994546,2.0,0.5,0.0,0.0,1.1885411e-05,0.10955642045486541
GOOGL,2024-04-09,0.00033403479028493166,0.000349162524798885,0.9993167519569397,-0.9989827,2.0,0.0,0.0,0.0,0.0012164423,0.10955642045486541
GOOGL,2024-04-10,0.00010207524610450491,1.0490501267668151e-07,0.999897837638855,-0.99979573,1.0,0.0,0.0,0.0,0.0,-0.8490622585252066
GOOGL,2024-04-11,0.5000497102737427,7.203502150332497e-08,0.49995020031929016,9.953976e-05,2.0,0.5,0.5,0.0,1.4140655,0.10955642045486541
GOOGL,2024-04-12,0.5002213716506958,0.0077312714420259,0.49204739928245544,0.008173972,2.0,1.0,0.5,0.0,1.4026324,0.10955642045486541
GOOGL,2024-04-13,0.5002213716506958,0.0077312714420259,0.49204739928245544,0.008173972,2.0,1.0,0.5,0.0,1.4026324,0.10955642045486541
GOOGL,2024-04-17,0.33333081007003784,0.00018274910689797252,0.6664865016937256,-0.3331557,3.0,0.3333333333333333,0.3333333333333333,0.0,1.1545335,1.0681750994349375
GOOGL,2024-04-18,1.6194478575926041e-06,0.9999098777770996,8.85568733792752e-05,-8.693742e-05,2.0,0.0,0.0,0.0,0.0001228865,0.10955642045486541
GOOGL,2024-04-21,8.511548367096111e-05,2.2495819393952843e-06,0.9999126195907593,-0.9998275,1.0,0.0,0.0,0.0,0.0,-0.8490622585252066
GOOGL,2024-04-22,0.0015098605072125793,0.0007182733970694244,0.9977717995643616,-0.99626195,1.0,0.0,0.0,0.0,0.0,-0.8490622585252066
GOOGL,2024-04-25,4.369489943201188e-07,2.9967363843752537e-06,0.999996542930603,-0.9999961,1.0,1.0,0.0,0.0,0.0,-0.8490622585252066
GOOGL,2024-04-26,0.15045200288295746,0.5001360774040222,0.3494119346141815,-0.19895993,2.0,0.0,0.0,0.0,0.28137177,0.10955642045486541
GOOGL,2024-04-27,0.0941954255104065,0.5375283360481262,0.3682762384414673,-0.2740808,2.0,0.0,0.0,0.0,0.3876088,0.10955642045486541
GOOGL,2024-04-28,1.795476237020921e-05,0.49991336464881897,0.500068724155426,-0.5000508,2.0,0.0,0.0,0.5,0.707015,0.10955642045486541
GOOGL,2024-04-29,1.795476237020921e-05,0.49991336464881897,0.500068724155426,-0.5000508,2.0,0.0,0.0,0.5,0.707015,0.10955642045486541
GOOGL,2024-04-30,0.02922535501420498,0.7984529733657837,0.1723216325044632,-0.14309628,5.0,0.2,0.0,0.2,0.31885648,2.9854124573950815
GOOGL,2024-05-01,2.2565100152860396e-05,3.201671916031046e-06,0.999974250793457,-0.99995166,1.0,0.0,0.0,0.0,0.0,-0.8490622585252066
GOOGL,2024-05-02,5.865175626240671e-05,3.243604442104697e-05,0.9999089241027832,-0.9998503,1.0,0.0,0.0,0.0,0.0,-0.8490622585252066
GOOGL,2024-05-05,0.0005284255603328347,0.00010792316606966779,0.9993637204170227,-0.99883527,3.0,0.0,0.0,0.0,0.0017213364,1.0681750994349375
GOOGL,2024-05-16,6.379278056556359e-05,0.6664357781410217,0.333500474691391,-0.3334367,3.0,0.0,0.0,0.0,0.577033,1.0681750994349375
GOOGL,2024-07-07,0.01540930476039648,0.30843862891197205,0.6761520504951477,-0.66074276,4.0,0.0,0.0,0.0,0.46804264,2.0267937784150094
GOOGL,2024-07-08,5.392944331106264e-07,0.0018122609471902251,0.9981871247291565,-0.9981866,1.0,0.0,0.0,0.0,0.0,-0.8490622585252066
GOOGL,2024-07-10,7.455064974237757e-07,0.5000002980232239,0.4999989867210388,-0.4999982,2.0,0.0,0.0,0.0,0.70710164,0.10955642045486541
GOOGL,2024-07-13,0.0003639207861851901,9.468585631111637e-06,0.999626636505127,-0.9992627,1.0,0.0,0.0,0.0,0.0,-0.8490622585252066
GOOGL,2024-07-14,0.0009295009076595306,0.7455819249153137,0.25348857045173645,-0.25255907,1.0,0.0,0.0,0.0,0.0,-0.8490622585252066
GOOGL,2024-07-15,0.008677855134010315,0.405661016702652,0.5856611728668213,-0.5769833,3.0,0.3333333333333333,0.0,0.0,0.38305187,1.0681750994349375
GOOGL,2024-07-16,7.3947012424469e-05,0.6666643023490906,0.33326175808906555,-0.3331878,3.0,0.0,0.0,0.0,0.57709646,1.0681750994349375
GOOGL,2024-07-18,0.016004007309675217,0.9730145931243896,0.010981357656419277,0.0050226487,2.0,0.0,0.0,0.0,0.007118455,0.10955642045486541
GOOGL,2024-07-21,6.854201637906954e-05,1.6069344610514236e-06,0.9999299049377441,-0.99986136,1.0,0.0,0.0,0.0,0.0,-0.8490622585252066
GOOGL,2024-07-25,5.7853922044159845e-06,0.9985729455947876,0.0014212580863386393,-0.0014154727,1.0,1.0,0.0,0.0,0.0,-0.8490622585252066
GOOGL,2024-07-26,2.7026062525692396e-05,0.33401286602020264,0.6659600734710693,-0.6659331,3.0,0.3333333333333333,0.0,0.0,0.57664436,1.0681750994349375
GOOGL,2024-07-27,2.7026062525692396e-05,0.33401286602020264,0.6659600734710693,-0.6659331,3.0,0.3333333333333333,0.0,0.0,0.57664436,1.0681750994349375
GOOGL,2024-07-28,1.2721582606900483e-05,5.3570998716168106e-05,0.9999337196350098,-0.999921,1.0,0.0,0.0,0.0,0.0,-0.8490622585252066
GOOGL,2024-07-30,0.153902068734169,0.8387641906738281,0.007333699148148298,0.14656837,3.0,0.0,0.0,0.0,0.25572208,1.0681750994349375
GOOGL,2024-07-31,5.646192221320234e-06,0.9989426732063293,0.0010517461923882365,-0.0010461,1.0,1.0,0.0,0.0,0.0,-0.8490622585252066
GOOGL,2024-08-01,0.00016693625366315246,0.2503427267074585,0.7494903206825256,-0.74932337,4.0,0.0,0.0,0.0,0.4995502,2.0267937784150094
GOOGL,2024-08-04,6.479760941147106e-07,0.9999985694885254,7.25559004877141e-07,-7.758291e-08,1.0,0.0,0.0,0.0,0.0,-0.8490622585252066
GOOGL,2024-08-05,0.0007948412676341832,0.0018593226559460163,0.9973458051681519,-0.9965509,2.0,0.0,0.0,0.0,0.0045612585,0.10955642045486541
GOOGL,2024-08-07,0.00044601381523534656,0.25092968344688416,0.748624324798584,-0.7481783,4.0,0.0,0.0,0.0,0.4987944,2.0267937784150094
GOOGL,2024-08-08,0.3194121718406677,0.3471848666667938,0.3334030210971832,-0.0139908455,3.0,0.0,0.0,0.3333333333333333,0.97462904,1.0681750994349375
GOOGL,2024-08-10,0.0003812096838373691,0.48008421063423157,0.5195345878601074,-0.5191534,2.0,0.0,0.0,0.0,0.67990017,0.10955642045486541
GOOGL,2024-08-11,2.0099585995581037e-08,0.9999998807907104,1.2006984206891502e-07,-9.997026e-08,1.0,0.0,0.0,0.0,0.0,-0.8490622585252066
GOOGL,2024-08-12,0.49698343873023987,0.25018468499183655,0.25283190608024597,0.24415155,4.0,0.0,0.0,0.25,0.9511419,2.0267937784150094
GOOGL,2024-08-13,0.0001009435800369829,0.5354676842689514,0.46443137526512146,-0.46433043,1.0,0.0,0.0,0.0,0.0,-0.8490622585252066
GOOGL,2024-08-14,3.2536576327402145e-05,2.811951344483532e-05,0.9999393224716187,-0.9999068,2.0,0.0,0.0,0.0,8.572669e-05,0.10955642045486541
GOOGL,2024-08-16,0.23321381211280823,0.3576688766479492,0.40911731123924255,-0.17590351,4.0,0.0,0.0,0.0,0.7636328,2.0267937784150094
GOOGL,2024-08-18,0.000710315362084657,0.9982001781463623,0.0010895070154219866,-0.00037919165,1.0,0.0,0.0,0.0,0.0,-0.8490622585252066
GOOGL,2024-08-21,0.016184408217668533,0.20655803382396698,0.7772575616836548,-0.7610732,1.0,0.0,0.0,0.0,0.0,-0.8490622585252066
GOOGL,2024-08-23,0.0014973559882491827,0.0023655996192246675,0.9961370825767517,-0.99463975,1.0,0.0,0.0,0.0,0.0,-0.8490622585252066
GOOGL,2024-08-26,3.2398464099969715e-05,0.9836845397949219,0.016283057630062103,-0.016250659,1.0,0.0,0.0,0.0,0.0,-0.8490622585252066
GOOGL,2024-08-29,2.455136836942984e-06,0.5001005530357361,0.49989697337150574,-0.49989453,2.0,0.5,0.0,0.0,0.7069571,0.10955642045486541
GOOGL,2024-09-03,0.0014642187161371112,0.037620801478624344,0.9609149694442749,-0.9594507,1.0,1.0,0.0,0.0,0.0,-0.8490622585252066
GOOGL,2024-09-04,0.8429281711578369,0.002103447215631604,0.15496833622455597,0.68795985,1.0,0.0,0.0,0.0,0.0,-0.8490622585252066
GOOGL,2024-09-06,3.658633795566857e-05,1.670255073804583e-06,0.9999617338180542,-0.99992514,1.0,0.0,0.0,0.0,0.0,-0.8490622585252066
GOOGL,2024-09-07,0.9994858503341675,2.447757651680149e-06,0.0005117150722071528,0.9989741,2.0,0.0,0.0,0.0,0.0014261651,0.10955642045486541
GOOGL,2024-09-08,9.695874723547604e-06,0.0005425943527370691,0.999447762966156,-0.99943805,1.0,0.0,0.0,0.0,0.0,-0.8490622585252066
GOOGL,2024-09-10,9.695856533653568e-06,0.0005425933049991727,0.999447762966156,-0.99943805,1.0,0.0,0.0,0.0,0.0,-0.8490622585252066
GOOGL,2024-09-11,0.0003523874329403043,0.00014346484385896474,0.9995040893554688,-0.9991517,3.0,0.0,0.0,0.0,0.0011444421,1.0681750994349375
GOOGL,2024-09-12,0.00026449019787833095,0.25010737776756287,0.7496280670166016,-0.7493636,4.0,0.0,0.0,0.0,0.4995771,2.0267937784150094
GOOGL,2024-09-13,7.958169589983299e-07,0.9999991655349731,4.207760184726794e-08,7.5373936e-07,1.0,0.0,0.0,0.0,0.0,-0.8490622585252066
GOOGL,2024-09-14,0.010705013759434223,0.9718140959739685,0.01748093031346798,-0.0067759166,1.0,0.0,0.0,0.0,0.0,-0.8490622585252066
GOOGL,2024-09-20,0.010705013759434223,0.9718140959739685,0.01748093031346798,-0.0067759166,1.0,0.0,0.0,0.0,0.0,-0.8490622585252066
GOOGL,2024-09-21,0.3039618730545044,0.0007948476704768836,0.6952433586120605,-0.3912815,1.0,0.0,0.0,0.0,0.0,-0.8490622585252066
GOOGL,2024-09-22,0.3039618730545044,0.0007948476704768836,0.6952433586120605,-0.3912815,1.0,0.0,0.0,0.0,0.0,-0.8490622585252066
GOOGL,2024-09-23,0.30396386981010437,0.0007948491256684065,0.6952413320541382,-0.39127746,1.0,0.0,0.0,0.0,0.0,-0.8490622585252066
GOOGL,2024-09-24,0.6519108414649963,0.00044391522533260286,0.34764528274536133,0.30426556,2.0,0.5,0.0,0.0,0.98365265,0.10955642045486541
GOOGL,2024-09-25,0.9998600482940674,9.298332588514313e-05,4.7009310947032645e-05,0.999813,1.0,1.0,0.0,0.0,0.0,-0.8490622585252066
META,2024-04-03,0.3333333333333333,0.3333333333333333,0.3333333333333333,0.0,0.0,0.0,0.0,0.0,0.0,0.0
META,2024-04-04,0.07393152266740799,0.037120528519153595,0.8889479637145996,-0.81501645,1.0,0.0,0.0,0.0,0.0,-0.5799682473741853
META,2024-04-06,0.23908928036689758,0.5415595173835754,0.2193511724472046,0.019738112,2.0,0.0,0.0,0.0,0.027914695,-0.1133271287972546
META,2024-04-08,0.5044359564781189,0.018840167671442032,0.47672387957572937,0.027712068,3.0,0.3333333333333333,0.0,0.0,0.8903406,0.35331398977967604
META,2024-04-09,0.022328384220600128,0.5001437664031982,0.4775278866291046,-0.4551995,2.0,0.0,0.0,0.0,0.6433711,-0.1133271287972546
META,2024-04-11,3.2590651244390756e-05,8.206830534618348e-05,0.9998853206634521,-0.9998527,2.0,0.0,0.0,0.0,0.00014928414,-0.1133271287972546
META,2024-04-12,0.3336610496044159,4.9298237172479276e-06,0.6663340330123901,-0.332673,3.0,0.3333333333333333,0.3333333333333333,0.0,1.1541278,0.35331398977967604
META,2024-04-13,0.3336610496044159,4.9298237172479276e-06,0.6663340330123901,-0.332673,3.0,0.3333333333333333,0.3333333333333333,0.0,1.1541278,0.35331398977967604
META,2024-04-17,0.05022546648979187,0.00017129241314250976,0.949603259563446,-0.89937776,4.0,0.0,0.0,0.25,0.19957934,0.8199551083566067
META,2024-04-18,1.0544538781687152e-05,0.999920129776001,6.937812577234581e-05,-5.8833586e-05,1.0,0.0,0.0,0.0,0.0,-0.5799682473741853
META,2024-04-19,0.0003291219472885132,0.9657265543937683,0.033944323658943176,-0.0336152,1.0,0.0,0.0,0.0,0.0,-0.5799682473741853
META,2024-04-20,0.48621830344200134,0.4961472153663635,0.017634471878409386,0.46858382,2.0,0.0,0.0,0.5,0.7102167,-0.1133271287972546
META,2024-04-22,0.84801185131073,0.000638217490632087,0.15134993195533752,0.69666195,1.0,0.0,0.0,0.0,0.0,-0.5799682473741853
META,2024-04-25,0.5416128635406494,0.2223871499300003,0.23599989712238312,0.30561298,9.0,0.2222222222222222,0.0,0.1111111111111111,0.84582597,3.15316070124126
META,2024-04-26,0.6371966004371643,0.09209410101175308,0.2707093060016632,0.36648726,12.0,0.4166666666666667,0.0,0.0,0.84218305,4.553084056972051
META,2024-04-27,0.21359291672706604,0.38306543231010437,0.4033416211605072,-0.18974872,5.0,0.2,0.0,0.0,0.80885154,1.2865962269335374
META,2024-04-28,0.2667934000492096,0.22892972826957703,0.5042768716812134,-0.23748347,4.0,0.0,0.0,0.0,0.9262416,0.8199551083566067
META,2024-04-29,0.2667934000492096,0.22892972826957703,0.5042768716812134,-0.23748347,4.0,0.0,0.0,0.0,0.9262416,0.8199551083566067
META,2024-05-01,0.11211219429969788,0.6196972727775574,0.26819053292274475,-0.15607834,4.0,0.25,0.0,0.0,0.32893082,0.8199551083566067
META,2024-05-02,0.0001569369196658954,0.9973369240760803,0.0025061583146452904,-0.0023492214,1.0,0.0,0.0,0.0,0.0,-0.5799682473741853
META,2024-05-05,0.0003166095702908933,0.6616714596748352,0.3380119502544403,-0.33769533,3.0,0.0,0.0,0.0,0.5733319,0.35331398977967604
META,2024-05-10,0.43748950958251953,0.03381776064634323,0.5286927819252014,-0.09120327,2.0,0.0,0.0,0.0,1.2849866,-0.1133271287972546
META,2024-05-16,0.40949001908302307,0.0022958519402891397,0.5882140398025513,-0.17872405,2.0,0.0,0.0,0.0,1.1590534,-0.1133271287972546
META,2024-07-07,0.03418870270252228,0.00044404732761904597,0.9653672575950623,-0.93117857,1.0,0.0,0.0,0.0,0.0,-0.5799682473741853
META,2024-07-08,0.026540884748101234,0.30373772978782654,0.6697213649749756,-0.64318055,3.0,0.3333333333333333,0.0,0.0,0.61627984,0.35331398977967604
META,2024-07-10,0.0019575003534555435,0.5000083446502686,0.49803420901298523,-0.4960767,2.0,0.0,0.0,0.0,0.7015558,-0.1133271287972546
META,2024-07-11,0.501035749912262,1.7778707842808217e-05,0.4989464581012726,0.002089262,2.0,0.5,0.0,0.0,1.4077502,-0.1133271287972546
META,2024-07-12,0.9987485408782959,2.1921146981185302e-05,0.0012294990010559559,0.997519,1.0,1.0,0.0,0.0,0.0,-0.5799682473741853
META,2024-07-17,0.9987485408782959,2.1921146981185302e-05,0.0012294990010559559,0.997519,1.0,1.0,0.0,0.0,0.0,-0.5799682473741853
META,2024-07-18,0.0673501193523407,0.000975421688053757,0.9316743612289429,-0.8643242,1.0,0.0,0.0,0.0,0.0,-0.5799682473741853
META,2024-07-19,0.06735023856163025,0.0009754237835295498,0.9316743016242981,-0.8643241,1.0,0.0,0.0,0.0,0.0,-0.5799682473741853
META,2024-07-20,0.0004476208705455065,0.6869471669197083,0.31260520219802856,-0.31215757,2.0,0.5,0.0,0.0,0.4414423,-0.1133271287972546
META,2024-07-21,0.0004476208705455065,0.6869471669197083,0.31260520219802856,-0.31215757,2.0,0.5,0.0,0.0,0.4414423,-0.1133271287972546
META,2024-07-25,0.00035479175858199596,0.7905263900756836,0.20911873877048492,-0.20876394,3.0,0.3333333333333333,0.0,0.0,0.35986882,0.35331398977967604
META,2024-07-26,5.392944331106264e-07,0.0018122609471902251,0.9981871247291565,-0.9981866,1.0,0.0,0.0,0.0,0.0,-0.5799682473741853
META,2024-07-27,5.392944331106264e-07,0.0018122609471902251,0.9981871247291565,-0.9981866,1.0,0.0,0.0,0.0,0.0,-0.5799682473741853
META,2024-07-29,0.9855414032936096,0.0002176252455683425,0.014241003431379795,0.9713004,1.0,0.0,0.0,0.0,0.0,-0.5799682473741853
META,2024-07-30,0.011020079255104065,0.01721961237490177,0.9717602729797363,-0.9607402,1.0,0.0,0.0,0.0,0.0,-0.5799682473741853
META,2024-07-31,0.13068562746047974,0.15144836902618408,0.7178660035133362,-0.5871804,3.0,0.0,0.0,0.0,0.68118477,0.35331398977967604
META,2024-08-01,0.0009044570033438504,0.4937734007835388,0.5053221583366394,-0.50441766,4.0,0.75,0.0,0.0,0.57074904,0.8199551083566067
META,2024-08-02,0.14746057987213135,0.4366148114204407,0.415924608707428,-0.26846403,10.0,0.6,0.0,0.0,0.6069007,3.6198018198181905
META,2024-08-03,0.18409249186515808,0.2990497648715973,0.5168577432632446,-0.33276522,8.0,0.375,0.0,0.0,0.6703028,2.6865195826643293
META,2024-08-04,3.192457006662153e-05,0.9991783499717712,0.000789710262324661,-0.0007577857,1.0,1.0,0.0,0.0,0.0,-0.5799682473741853
META,2024-08-05,1.0273889756717836e-06,0.00022168167924974114,0.9997772574424744,-0.99977624,1.0,0.0,0.0,0.0,0.0,-0.5799682473741853
META,2024-08-06,0.00035926452255807817,0.00011278076999587938,0.9995279312133789,-0.99916863,2.0,0.0,0.0,0.0,0.0008592478,-0.1133271287972546
META,2024-08-07,0.584101676940918,0.007708087097853422,0.4081902503967285,0.17591143,1.0,0.0,0.0,0.0,0.0,-0.5799682473741853
META,2024-08-08,0.9999604821205139,1.2828245417040307e-05,2.6683204850996844e-05,0.99993384,2.0,0.0,0.0,0.0,6.5454056e-05,-0.1133271287972546
META,2024-08-10,0.0007501872605644166,0.9601082801818848,0.039141587913036346,-0.0383914,1.0,0.0,0.0,0.0,0.0,-0.5799682473741853
META,2024-08-11,3.712052603077609e-06,0.9999959468841553,3.468492764113762e-07,3.3652034e-06,1.0,0.0,0.0,0.0,0.0,-0.5799682473741853
META,2024-08-12,0.00011053498747060075,0.661625862121582,0.3382636308670044,-0.3381531,3.0,0.0,0.0,0.0,0.57296634,0.35331398977967604
META,2024-08-13,0.00013907469110563397,0.9923485517501831,0.007512351963669062,-0.007373277,2.0,0.0,0.0,0.0,0.010421973,-0.1133271287972546
META,2024-08-16,1.787511365591854e-07,0.5000156164169312,0.49998417496681213,-0.499984,2.0,0.0,0.0,0.0,0.7070833,-0.1133271287972546
META,2024-08-17,0.03367543965578079,0.5004849433898926,0.46583953499794006,-0.43216407,2.0,0.0,0.0,0.0,0.6111667,-0.1133271287972546
META,2024-08-23,0.03367543965578079,0.5004849433898926,0.46583953499794006,-0.43216407,2.0,0.0,0.0,0.0,0.6111667,-0.1133271287972546
META,2024-08-26,3.2398464099969715e-05,0.9836845397949219,0.016283057630062103,-0.016250659,1.0,0.0,0.0,0.0,0.0,-0.5799682473741853
META,2024-09-01,2.7987216100200385e-08,0.9999996423721313,3.8294305682029517e-07,-3.5495583e-07,1.0,1.0,0.0,0.0,0.0,-0.5799682473741853
META,2024-09-02,2.5862375423457706e-06,0.999996542930603,8.370666932933091e-07,1.7491709e-06,1.0,0.0,0.0,0.0,0.0,-0.5799682473741853
META,2024-09-06,2.586249593150569e-06,0.999996542930603,8.370698765247653e-07,1.7491798e-06,1.0,0.0,0.0,0.0,0.0,-0.5799682473741853
META,2024-09-07,0.9999911785125732,2.821811904141214e-07,8.6159770944505e-06,0.99998254,1.0,0.0,0.0,0.0,0.0,-0.5799682473741853
META,2024-09-08,9.695874723547604e-06,0.0005425943527370691,0.999447762966156,-0.99943805,1.0,0.0,0.0,0.0,0.0,-0.5799682473741853
META,2024-09-10,9.695856533653568e-06,0.0005425933049991727,0.999447762966156,-0.99943805,1.0,0.0,0.0,0.0,0.0,-0.5799682473741853
META,2024-09-11,0.0005922031123191118,0.4586932957172394,0.5407145023345947,-0.54012233,2.0,0.0,0.0,0.0,0.6498301,-0.1133271287972546
META,2024-09-13,0.00018344190903007984,1.1517537132021971e-05,0.9998050332069397,-0.99962157,1.0,0.0,0.0,0.0,0.0,-0.5799682473741853
META,2024-09-14,0.01070486381649971,0.9718144536018372,0.01748073659837246,-0.006775873,1.0,0.0,0.0,0.0,0.0,-0.5799682473741853
META,2024-09-20,0.010705013759434223,0.9718140959739685,0.01748093031346798,-0.0067759166,1.0,0.0,0.0,0.0,0.0,-0.5799682473741853
META,2024-09-21,0.31124386191368103,0.6467496156692505,0.042006537318229675,0.26923734,1.0,0.0,0.0,0.0,0.0,-0.5799682473741853
META,2024-09-23,0.31124386191368103,0.6467496156692505,0.042006537318229675,0.26923734,1.0,0.0,0.0,0.0,0.0,-0.5799682473741853
META,2024-09-24,0.06551146507263184,0.00012166780652478337,0.9343669414520264,-0.8688555,1.0,1.0,0.0,0.0,0.0,-0.5799682473741853
META,2024-09-25,1.0094116078107618e-05,0.8817240595817566,0.11826580762863159,-0.11825571,1.0,0.0,0.0,0.0,0.0,-0.5799682473741853
META,2024-10-21,0.9977442026138306,6.241472146939486e-05,0.0021933766547590494,0.9955508,1.0,0.0,0.0,0.0,0.0,-0.5799682473741853
MSFT,2024-04-03,0.3333333333333333,0.3333333333333333,0.3333333333333333,0.0,0.0,0.0,0.0,0.0,0.0,0.0
MSFT,2024-04-04,0.000793224258814007,0.0002857218205463141,0.9989211559295654,-0.99812794,1.0,1.0,0.0,0.0,0.0,-0.9552486587271402
MSFT,2024-04-06,6.152562127681449e-05,0.9998835325241089,5.499212056747638e-05,6.5335016e-06,2.0,0.5,0.0,0.0,2.1605442e-06,0.0
MSFT,2024-04-08,2.636859903759614e-07,6.247018609428778e-05,0.9999372959136963,-0.99993706,1.0,1.0,0.0,0.0,0.0,-0.9552486587271402
MSFT,2024-04-13,0.06699297577142715,0.021768605336546898,0.911238431930542,-0.84424543,3.0,0.0,0.0,0.0,0.25393212,0.9552486587271402
MSFT,2024-04-14,1.158705913439917e-06,0.0002717706956900656,0.9997271299362183,-0.99972594,2.0,0.0,0.0,0.0,6.95423e-05,0.0
MSFT,2024-04-15,0.0001333464024355635,1.023547156364657e-05,0.9998563528060913,-0.999723,1.0,0.0,0.0,0.0,0.0,-0.9552486587271402
MSFT,2024-04-17,0.00013334564573597163,1.023545155476313e-05,0.9998563528060913,-0.999723,1.0,0.0,0.0,0.0,0.0,-0.9552486587271402
MSFT,2024-04-18,4.913099019177025e-06,0.5075783133506775,0.4924168288707733,-0.4924119,2.0,0.5,0.0,0.0,0.6963455,0.0
MSFT,2024-04-19,0.0001048400517902337,2.0960599158570403e-06,0.9998929500579834,-0.9997881,1.0,0.0,0.0,0.0,0.0,-0.9552486587271402
MSFT,2024-04-20,0.013570367358624935,0.054577380418777466,0.9318522214889526,-0.91828185,1.0,1.0,0.0,0.0,0.0,-0.9552486587271402
MSFT,2024-04-21,0.013570367358624935,0.054577380418777466,0.9318522214889526,-0.91828185,1.0,1.0,0.0,0.0,0.0,-0.9552486587271402
MSFT,2024-04-22,8.114564843708649e-05,9.71785652836843e-07,0.9999178647994995,-0.99983674,1.0,0.0,0.0,0.0,0.0,-0.9552486587271402
MSFT,2024-04-25,0.0014504343271255493,0.0030017122626304626,0.9955478310585022,-0.9940974,3.0,0.3333333333333333,0.0,0.0,0.003755685,0.9552486587271402
MSFT,2024-04-26,0.07533665001392365,0.5475199818611145,0.37714338302612305,-0.30180675,4.0,0.5,0.0,0.0,0.2118563,1.9104973174542803
MSFT,2024-04-29,5.6770441005937755e-05,0.4914743900299072,0.5084688663482666,-0.50841206,2.0,0.0,0.0,0.0,0.6951374,0.0
MSFT,2024-04-30,0.0003989563847426325,0.5122118592262268,0.48738914728164673,-0.4869902,4.0,0.5,0.0,0.0,0.56075823,1.9104973174542803
MSFT,2024-05-01,0.09556182473897934,0.00232722912915051,0.9021109342575073,-0.8065491,2.0,0.5,0.0,0.0,0.2735787,0.0
MSFT,2024-05-02,3.4966267321578925e-06,0.5000214576721191,0.4999749958515167,-0.4999715,2.0,0.5,0.0,0.0,0.7070679,0.0
MSFT,2024-05-05,3.5395480608713115e-06,0.6561738848686218,0.3438225984573364,-0.34381905,3.0,0.3333333333333333,0.0,0.0,0.5682117,0.9552486587271402
MSFT,2024-05-10,0.00013683934230357409,0.5000022649765015,0.4998609125614166,-0.4997241,2.0,0.0,0.0,0.0,0.7067166,0.0
MSFT,2024-05-16,0.021453242748975754,0.3569878339767456,0.6215589642524719,-0.6001057,1.0,0.0,0.0,0.0,0.0,-0.9552486587271402
MSFT,2024-07-07,4.213716522372124e-07,0.0005506304441951215,0.999448835849762,-0.9994484,1.0,0.0,0.0,0.0,0.0,-0.9552486587271402
MSFT,2024-07-08,2.7795229584626213e-07,0.5009060502052307,0.499093621969223,-0.49909335,2.0,0.0,0.0,0.0,0.70582443,0.0
MSFT,2024-07-09,3.5963796563009964e-07,0.9999896883964539,9.94212314253673e-06,-9.582485e-06,2.0,1.0,0.0,0.0,1.2148469e-05,0.0
MSFT,2024-07-10,0.000167465943377465,5.597769268206321e-05,0.9997766017913818,-0.9996091,2.0,0.5,0.0,0.0,0.0005425564,0.0
MSFT,2024-07-13,7.687561520697272e-08,0.999999463558197,4.6523109631380066e-07,-3.8835552e-07,2.0,0.0,0.5,0.0,4.5603383e-07,0.0
MSFT,2024-07-14,2.7511941880220547e-05,0.0010950489668175578,0.9988774657249451,-0.9988499,1.0,0.0,0.0,0.0,0.0,-0.9552486587271402
MSFT,2024-07-15,0.00830621737986803,0.15774911642074585,0.8339447379112244,-0.8256385,3.0,0.3333333333333333,0.0,0.0,0.30034545,0.9552486587271402
MSFT,2024-07-16,1.2440787031664513e-05,0.00014988283510319889,0.9998376369476318,-0.9998252,1.0,0.0,0.0,0.0,0.0,-0.9552486587271402
MSFT,2024-07-18,0.025712035596370697,0.0004773112013936043,0.973810613155365,-0.94809854,2.0,0.0,0.0,0.0,0.07329434,0.0
MSFT,2024-07-19,0.6355482339859009,0.16209867596626282,0.20235313475131989,0.4331951,1.0,0.0,0.0,0.0,0.0,-0.9552486587271402
MSFT,2024-07-20,0.3333454430103302,0.33339881896972656,0.33325567841529846,8.980433e-05,3.0,0.3333333333333333,0.0,0.0,0.9995764,0.9552486587271402
MSFT,2024-07-21,0.3333454430103302,0.33339881896972656,0.33325567841529846,8.980433e-05,3.0,0.3333333333333333,0.0,0.0,0.9995764,0.9552486587271402
MSFT,2024-07-25,2.5206552436429774e-06,0.7496753334999084,0.2503221035003662,-0.25031957,4.0,0.5,0.0,0.0,0.49969527,1.9104973174542803
MSFT,2024-07-26,6.550307443831116e-05,0.0026049851439893246,0.9973294734954834,-0.997264,2.0,0.5,0.0,0.0,0.00130474,0.0
MSFT,2024-07-27,6.550313992192969e-05,0.00260498677380383,0.9973294734954834,-0.997264,2.0,0.5,0.0,0.0,0.00130474,0.0
MSFT,2024-07-28,0.49317020177841187,0.0001106506388168782,0.506719172000885,-0.01354894,2.0,0.0,0.0,0.0,1.3927873,0.0
MSFT,2024-07-29,0.0007957221241667867,0.3604936897754669,0.638710618019104,-0.6379149,2.0,0.5,0.0,0.0,0.50980055,0.0
MSFT,2024-07-30,0.9999991655349731,3.377776920387987e-07,4.959885586686141e-07,0.9999987,1.0,0.0,0.0,0.0,0.0,-0.9552486587271402
MSFT,2024-07-31,0.7969832420349121,0.200982004404068,0.0020347381941974163,0.7949485,5.0,0.4,0.0,0.0,0.4450974,2.8657459761814206
MSFT,2024-08-03,0.3315857946872711,0.010850640945136547,0.6575635671615601,-0.32597777,3.0,0.3333333333333333,0.0,0.0,1.139453,0.9552486587271402
MSFT,2024-08-04,3.1430710123458994e-07,0.9999994039535522,2.4955389221759106e-07,6.475321e-08,1.0,0.0,0.0,0.0,0.0,-0.9552486587271402
MSFT,2024-08-05,1.0784435744426446e-06,0.0001427794632036239,0.9998561143875122,-0.99985504,2.0,0.0,0.0,0.0,0.00011147842,0.0
MSFT,2024-08-06,1.0784461892399122e-06,0.00014277984155341983,0.9998561143875122,-0.99985504,2.0,0.0,0.0,0.0,0.00011147842,0.0
MSFT,2024-08-08,0.19470156729221344,0.6618639826774597,0.14343449473381042,0.051267073,3.0,0.0,0.0,0.0,0.108508594,0.9552486587271402
MSFT,2024-08-10,0.04797123372554779,0.491205632686615,0.4608231484889984,-0.41285193,4.0,0.0,0.0,0.0,0.4814598,1.9104973174542803
MSFT,2024-08-11,0.0012888414785265923,0.6635131239891052,0.3351980745792389,-0.33390924,3.0,0.0,0.0,0.0,0.5766778,0.9552486587271402
MSFT,2024-08-12,3.0127666832413524e-05,0.5000882148742676,0.49988165497779846,-0.49985152,2.0,0.0,0.0,0.0,0.70689666,0.0
MSFT,2024-08-13,0.0007144885021261871,0.26794561743736267,0.7313399314880371,-0.7306254,2.0,0.0,0.0,0.0,0.37659797,0.0
MSFT,2024-08-15,3.0661146865895716e-07,3.194271994289011e-05,0.9999676942825317,-0.9999674,1.0,0.0,0.0,0.0,0.0,-0.9552486587271402
MSFT,2024-08-16,1.9466271623969078e-05,0.9992356300354004,0.000744873599614948,-0.0007254073,1.0,0.0,0.0,0.0,0.0,-0.9552486587271402
MSFT,2024-08-17,0.010105756111443043,0.6955444812774658,0.2943497896194458,-0.28424403,3.0,0.6666666666666666,0.0,0.0,0.491982,0.9552486587271402
MSFT,2024-08-18,0.01599869318306446,0.2098797857761383,0.7741215229034424,-0.7581228,2.0,0.5,0.0,0.0,0.13323736,0.0
MSFT,2024-08-20,0.002391180954873562,0.33130794763565063,0.6663008332252502,-0.6639097,1.0,0.0,0.0,0.0,0.0,-0.9552486587271402
MSFT,2024-08-22,8.055163561948575e-06,0.9998676776885986,0.00012430446804501116,-0.000116249306,1.0,0.0,0.0,0.0,0.0,-0.9552486587271402
MSFT,2024-08-23,0.0001412083802279085,5.378308196668513e-05,0.9998050332069397,-0.99966383,1.0,1.0,0.0,0.0,0.0,-0.9552486587271402
MSFT,2024-08-24,1.6268251783913e-05,0.991840124130249,0.008143596351146698,-0.008127328,2.0,0.5,0.0,0.0,0.011488124,0.0
MSFT,2024-08-25,0.00012806766608264297,0.08710446208715439,0.9127674698829651,-0.91263944,3.0,0.0,0.0,0.0,0.1374579,0.9552486587271402
MSFT,2024-08-29,0.00012806766608264297,0.08710446208715439,0.9127674698829651,-0.91263944,3.0,0.0,0.0,0.0,0.1374579,0.9552486587271402
MSFT,2024-08-30,0.027196072041988373,0.0004347225767560303,0.9723692536354065,-0.9451732,1.0,1.0,0.0,0.0,0.0,-0.9552486587271402
MSFT,2024-08-31,1.5907684428384528e-05,0.00020567499450407922,0.9997784495353699,-0.99976254,1.0,0.0,0.0,0.0,0.0,-0.9552486587271402
MSFT,2024-09-01,1.7391330686677975e-07,1.3503830587069388e-07,0.9999997615814209,-0.9999996,1.0,0.0,0.0,0.0,0.0,-0.9552486587271402
MSFT,2024-09-06,1.7391263895660813e-07,1.3503830587069388e-07,0.9999997615814209,-0.9999996,1.0,0.0,0.0,0.0,0.0,-0.9552486587271402
MSFT,2024-09-07,2.2939171685720794e-05,0.16548870503902435,0.8344883322715759,-0.8344654,1.0,0.0,0.0,0.0,0.0,-0.9552486587271402
MSFT,2024-09-08,4.85255850435351e-06,0.5002713203430176,0.4997239112854004,-0.49971905,2.0,0.5,0.0,0.0,0.7067094,0.0
MSFT,2024-09-10,4.8525494094064925e-06,0.5002713203430176,0.4997239112854004,-0.49971905,2.0,0.5,0.0,0.0,0.7067094,0.0
MSFT,2024-09-17,0.0023751924745738506,0.9965509176254272,0.001073900843039155,0.0013012916,1.0,0.0,0.0,0.0,0.0,-0.9552486587271402
MSFT,2024-09-20,0.00016667754971422255,0.6532878875732422,0.3465454578399658,-0.34637877,5.0,0.0,0.0,0.0,0.48268494,2.8657459761814206
MSFT,2024-09-21,0.0001378632732667029,0.006477032322436571,0.9933851361274719,-0.9932473,1.0,0.0,0.0,0.0,0.0,-0.9552486587271402
MSFT,2024-09-22,0.0001378632732667029,0.006477032322436571,0.9933851361274719,-0.9932473,1.0,0.0,0.0,0.0,0.0,-0.9552486587271402
MSFT,2024-09-23,0.000137863535201177,0.006477038376033306,0.9933851361274719,-0.9932473,1.0,0.0,0.0,0.0,0.0,-0.9552486587271402
MSFT,2024-09-24,0.49940401315689087,0.0024304138496518135,0.4981655478477478,0.0012384355,4.0,0.25,0.0,0.0,1.1331054,1.9104973174542803
MSFT,2024-09-25,0.6603142619132996,0.001045233802869916,0.3386404514312744,0.3216738,3.0,0.6666666666666666,0.0,0.0,1.1445682,0.9552486587271402
NVDA,2024-04-03,0.3333333333333333,0.3333333333333333,0.3333333333333333,0.0,0.0,0.0,0.0,0.0,0.0,0.0
NVDA,2024-04-04,0.039905648678541183,0.023965606465935707,0.9361287951469421,-0.8962231,6.0,0.3333333333333333,0.0,0.0,0.15578713,-0.4785653746168247
NVDA,2024-04-06,0.0037661422975361347,0.9760146141052246,0.02021927945315838,-0.016453136,4.0,0.5,0.0,0.0,0.023930375,-0.879315241165873
NVDA,2024-04-08,0.09701322764158249,0.4758608043193817,0.4271260201931,-0.33011281,9.0,0.5555555555555556,0.0,0.0,0.63740224,0.12255942520674783
NVDA,2024-04-09,0.0022531652357429266,0.3225085139274597,0.675238311290741,-0.67298514,5.0,0.0,0.0,0.0,0.4658644,-0.6789403078913488
NVDA,2024-04-10,0.25149548053741455,0.25269627571105957,0.4958082437515259,-0.24431276,8.0,0.375,0.125,0.0,0.8806841,-0.07781550806777635
NVDA,2024-04-11,0.23926334083080292,0.4680272042751312,0.29270949959754944,-0.05344616,6.0,0.5,0.16666666666666666,0.0,0.65835005,-0.4785653746168247
NVDA,2024-04-12,0.5342022776603699,0.3080044388771057,0.15779326856136322,0.376409,9.0,0.5555555555555556,0.2222222222222222,0.0,0.66211355,0.12255942520674783
NVDA,2024-04-13,0.5758768320083618,0.25952965021133423,0.16459356248378754,0.41128325,8.0,0.625,0.25,0.0,0.6989367,-0.07781550806777635
NVDA,2024-04-14,0.2577458322048187,0.20623521506786346,0.536018967628479,-0.27827314,14.0,0.2857142857142857,0.14285714285714285,0.0,0.7776583,1.1244340915793687
NVDA,2024-04-15,0.05952586606144905,0.46529433131217957,0.4751797616481781,-0.4156539,7.0,0.5714285714285714,0.14285714285714285,0.0,0.443661,-0.27819044134230053
NVDA,2024-04-17,0.05952615663409233,0.4652942717075348,0.475179523229599,-0.4156534,7.0,0.5714285714285714,0.14285714285714285,0.0,0.4436612,-0.27819044134230053
NVDA,2024-04-18,0.010010006837546825,0.42729994654655457,0.562690019607544,-0.5526801,9.0,0.3333333333333333,0.1111111111111111,0.0,0.48998493,0.12255942520674783
NVDA,2024-04-19,0.201832577586174,0.4789694845676422,0.3191979229450226,-0.11736536,12.0,0.5833333333333334,0.25,0.0,0.65526295,0.7236842250303204
NVDA,2024-04-20,0.04787689074873924,8.80864099599421e-05,0.9520349502563477,-0.9041581,2.0,0.0,0.5,0.0,0.13520063,-1.2800651077149214
NVDA,2024-04-21,0.5086670517921448,0.4314279556274414,0.05990499258041382,0.4487621,6.0,0.3333333333333333,0.3333333333333333,0.0,0.61282784,-0.4785653746168247
NVDA,2024-04-22,0.008356155827641487,0.3694290816783905,0.6222147345542908,-0.6138586,7.0,0.42857142857142855,0.14285714285714285,0.0,0.48975274,-0.27819044134230053
NVDA,2024-04-25,0.00023696996504440904,0.12852801382541656,0.8712350130081177,-0.870998,2.0,0.0,0.0,0.0,0.1824293,-1.2800651077149214
NVDA,2024-04-26,0.01725403405725956,0.18514327704906464,0.797602653503418,-0.7803486,3.0,0.6666666666666666,0.0,0.0,0.26506877,-1.0796901744403973
NVDA,2024-04-27,0.0007765747141093016,0.5942384004592896,0.4049850404262543,-0.40420848,5.0,0.6,0.2,0.0,0.5427564,-0.6789403078913488
NVDA,2024-04-28,0.0003233133757021278,0.6662538647651672,0.33342280983924866,-0.33309948,3.0,0.6666666666666666,0.0,0.0,0.5769168,-1.0796901744403973
NVDA,2024-04-29,0.0004849631222896278,0.49938082695007324,0.5001341700553894,-0.49964923,2.0,0.5,0.0,0.0,0.70656437,-1.2800651077149214
NVDA,2024-04-30,0.01982169784605503,0.013983543030917645,0.9661948084831238,-0.94637316,3.0,1.0,0.0,0.0,0.07911582,-1.0796901744403973
NVDA,2024-05-01,0.028757356107234955,0.014324857853353024,0.9569177627563477,-0.9281604,6.0,0.3333333333333333,0.0,0.0,0.11739753,-0.4785653746168247
NVDA,2024-05-02,0.2000621110200882,4.932257070322521e-05,0.799888551235199,-0.59982646,5.0,0.6,0.0,0.0,0.89431226,-0.6789403078913488
NVDA,2024-05-05,0.002737400121986866,0.5198937654495239,0.4773688316345215,-0.4746314,5.0,0.2,0.0,0.0,0.49149176,-0.6789403078913488
NVDA,2024-05-10,0.001400585868395865,0.4435211718082428,0.5550782084465027,-0.5536776,6.0,0.5,0.0,0.0,0.49127108,-0.4785653746168247
NVDA,2024-05-16,0.0074538132175803185,0.29132694005966187,0.7012192606925964,-0.69376546,7.0,0.42857142857142855,0.0,0.0,0.4726657,-0.27819044134230053
NVDA,2024-07-07,0.0542580783367157,0.5175169706344604,0.42822492122650146,-0.37396684,9.0,0.3333333333333333,0.1111111111111111,0.0,0.46067685,0.12255942520674783
NVDA,2024-07-08,0.13318055868148804,0.40876704454421997,0.4580524265766144,-0.32487187,15.0,0.2,0.06666666666666667,0.0,0.7128816,1.3248090248538928
NVDA,2024-07-09,0.0005451181787066162,0.4902779757976532,0.5091769099235535,-0.5086318,12.0,0.25,0.0,0.0,0.50795054,0.7236842250303204
NVDA,2024-07-10,0.15773820877075195,0.3509979844093323,0.49126380681991577,-0.3335256,16.0,0.25,0.125,0.0,0.7158254,1.525183958128417
NVDA,2024-07-11,0.0035395915620028973,0.5395966172218323,0.45686379075050354,-0.4533242,4.0,0.5,0.0,0.0,0.5289246,-0.879315241165873
NVDA,2024-07-12,0.05425965413451195,0.6691450476646423,0.2765953540802002,-0.2223357,7.0,0.2857142857142857,0.0,0.0,0.3526155,-0.27819044134230053
NVDA,2024-07-13,0.05425966531038284,0.6691449880599976,0.2765953242778778,-0.22233567,7.0,0.2857142857142857,0.0,0.0,0.35261554,-0.27819044134230053
NVDA,2024-07-14,0.050413280725479126,0.3743444085121155,0.575242280960083,-0.52482903,4.0,0.0,0.0,0.0,0.3926482,-0.879315241165873
NVDA,2024-07-15,0.10193277150392532,0.22406308352947235,0.6740041375160217,-0.5720714,13.0,0.3076923076923077,0.23076923076923078,0.0,0.60139596,0.9240591583048445
NVDA,2024-07-16,9.340362885268405e-05,3.995029328507371e-05,0.9998666644096375,-0.9997732,5.0,0.4,0.0,0.0,0.00024072437,-0.6789403078913488
NVDA,2024-07-17,0.020922476425766945,0.10089559853076935,0.8781819343566895,-0.85725945,7.0,0.2857142857142857,0.0,0.0,0.26988468,-0.27819044134230053
NVDA,2024-07-18,0.551580548286438,0.22334763407707214,0.22507184743881226,0.32650864,9.0,0.2222222222222222,0.5555555555555556,0.0,0.8601744,0.12255942520674783
NVDA,2024-07-19,0.25002092123031616,0.2500053346157074,0.49997374415397644,-0.24995285,4.0,0.5,0.25,0.0,0.95736057,-0.879315241165873
NVDA,2024-07-20,0.004560205619782209,0.3316459655761719,0.6637938022613525,-0.6592336,9.0,0.3333333333333333,0.1111111111111111,0.0,0.4887838,0.12255942520674783
NVDA,2024-07-21,0.004560205619782209,0.3316459655761719,0.6637938022613525,-0.6592336,9.0,0.3333333333333333,0.1111111111111111,0.0,0.4887838,0.12255942520674783
NVDA,2024-07-25,0.12211322039365768,0.08342348039150238,0.7944633364677429,-0.6723501,11.0,0.0,0.0,0.0,0.56325847,0.5233092917557962
NVDA,2024-07-26,0.15526559948921204,0.31003034114837646,0.5347040891647339,-0.37943846,10.0,0.4,0.0,0.0,0.69700104,0.322934358481272
NVDA,2024-07-27,0.15526559948921204,0.3100303113460541,0.5347040891647339,-0.3794385,10.0,0.4,0.0,0.0,0.69700104,0.322934358481272
NVDA,2024-07-28,0.27257680892944336,0.598564624786377,0.12885858118534088,0.14371824,5.0,0.4,0.2,0.0,0.47381768,-0.6789403078913488
NVDA,2024-07-29,0.10883214324712753,0.4305828809738159,0.46058496832847595,-0.35175282,8.0,0.625,0.0,0.0,0.5361439,-0.07781550806777635
NVDA,2024-07-30,0.00031379147549159825,0.6252579092979431,0.37442830204963684,-0.3741145,1.0,1.0,0.0,0.0,0.0,-1.4804400409894456
NVDA,2024-07-31,0.2024451196193695,0.23455674946308136,0.5629981160163879,-0.36055297,10.0,0.2,0.1,0.0,0.7871244,0.322934358481272
NVDA,2024-08-01,0.13676752150058746,0.3311324417591095,0.5321000218391418,-0.39533252,16.0,0.3125,0.0625,0.0,0.69298625,1.525183958128417
NVDA,2024-08-02,0.4900343418121338,0.17069852352142334,0.33926713466644287,0.15076722,6.0,0.3333333333333333,0.16666666666666666,0.0,0.9645789,-0.4785653746168247
NVDA,2024-08-03,0.42286020517349243,0.14931924641132355,0.4278205335140228,-0.004960316,7.0,0.14285714285714285,0.14285714285714285,0.0,0.9721496,-0.27819044134230053
NVDA,2024-08-04,0.4497564435005188,0.28620460629463196,0.26403895020484924,0.18571748,7.0,0.42857142857142855,0.2857142857142857,0.0,0.83460605,-0.27819044134230053
NVDA,2024-08-05,0.32573622465133667,0.18279904127120972,0.49146467447280884,-0.16572846,13.0,0.07692307692307693,0.23076923076923078,0.0,0.8725105,0.9240591583048445
NVDA,2024-08-06,0.15489323437213898,0.3548039495944977,0.49030280113220215,-0.33540958,14.0,0.14285714285714285,0.14285714285714285,0.0,0.7047534,1.1244340915793687
NVDA,2024-08-07,0.500271737575531,0.17132021486759186,0.32840803265571594,0.17186375,10.0,0.1,0.2,0.0,0.9144643,0.322934358481272
NVDA,2024-08-08,0.18873032927513123,0.3634043037891388,0.4478653371334076,-0.259135,7.0,0.42857142857142855,0.2857142857142857,0.0,0.5117006,-0.27819044134230053
NVDA,2024-08-10,0.0033993003889918327,0.3415185213088989,0.6550821661949158,-0.6516829,11.0,0.18181818181818182,0.09090909090909091,0.0,0.48294857,0.5233092917557962
NVDA,2024-08-11,0.2864859700202942,0.4258727431297302,0.2876412868499756,-0.0011553083,7.0,0.42857142857142855,0.14285714285714285,0.0,0.81609625,-0.27819044134230053
NVDA,2024-08-12,0.11710486561059952,0.37127143144607544,0.5116236805915833,-0.39451882,11.0,0.45454545454545453,0.09090909090909091,0.0,0.66680616,0.5233092917557962
NVDA,2024-08-13,0.10834034532308578,0.4757050573825836,0.41595458984375,-0.30761427,10.0,0.3,0.1,0.0,0.6299551,0.322934358481272
NVDA,2024-08-14,0.11845528334379196,0.29828494787216187,0.5832597613334656,-0.4648045,7.0,0.2857142857142857,0.14285714285714285,0.0,0.6835277,-0.27819044134230053
NVDA,2024-08-15,0.00012890675861854106,0.3406849205493927,0.6591861844062805,-0.65905726,3.0,0.0,0.0,0.0,0.5706289,-1.0796901744403973
NVDA,2024-08-16,0.16963666677474976,0.5576592087745667,0.2727041244506836,-0.10306746,6.0,0.16666666666666666,0.0,0.0,0.68073183,-0.4785653746168247
NVDA,2024-08-17,0.23452141880989075,0.29232001304626465,0.4731585681438446,-0.23863713,7.0,0.42857142857142855,0.0,0.0,0.7912009,-0.27819044134230053
NVDA,2024-08-18,0.1287257820367813,0.3754173517227173,0.4958568811416626,-0.36713108,8.0,0.5,0.125,0.0,0.7366203,-0.07781550806777635
NVDA,2024-08-19,0.14314769208431244,0.29890891909599304,0.5579434037208557,-0.4147957,7.0,0.42857142857142855,0.2857142857142857,0.0,0.7754077,-0.27819044134230053
NVDA,2024-08-20,0.0003125349758192897,0.011808549053966999,0.9878789782524109,-0.98756635,5.0,0.2,0.0,0.0,0.026184935,-0.6789403078913488
NVDA,2024-08-21,0.0006454106187447906,0.1667294055223465,0.832625150680542,-0.83197975,6.0,0.0,0.16666666666666666,0.0,0.40758532,-0.4785653746168247
NVDA,2024-08-22,0.00031653852784074843,0.5003616213798523,0.4993218183517456,-0.4990053,6.0,0.16666666666666666,0.0,0.0,0.5459285,-0.4785653746168247
NVDA,2024-08-23,0.20007607340812683,0.23264773190021515,0.5672762393951416,-0.36720014,10.0,0.1,0.0,0.0,0.82160187,0.322934358481272
NVDA,2024-08-24,0.008571291342377663,0.4417630136013031,0.5496656894683838,-0.5410944,10.0,0.4,0.1,0.0,0.46820468,0.322934358481272
NVDA,2024-08-25,0.17927280068397522,0.33805879950523376,0.482668399810791,-0.3033956,8.0,0.0,0.0,0.0,0.71102715,-0.07781550806777635
NVDA,2024-08-26,0.16412481665611267,0.30049774050712585,0.5353774428367615,-0.37125263,9.0,0.0,0.0,0.0,0.6955615,0.12255942520674783
NVDA,2024-08-27,0.21006403863430023,0.2902737259864807,0.49966225028038025,-0.2895982,15.0,0.13333333333333333,0.06666666666666667,0.0,0.74765116,1.3248090248538928
NVDA,2024-08-28,0.18749211728572845,0.29798123240470886,0.5145266652107239,-0.32703456,24.0,0.125,0.041666666666666664,0.0,0.7455559,3.1281834243246105
NVDA,2024-08-29,0.5128224492073059,0.25272929668426514,0.23444826900959015,0.27837422,29.0,0.2413793103448276,0.13793103448275862,0.0,0.773471,4.130058090697231
NVDA,2024-08-30,0.2709701359272003,0.31202441453933716,0.4170054495334625,-0.14603533,22.0,0.045454545454545456,0.045454545454545456,0.0,0.7789067,2.727433557775562
NVDA,2024-08-31,0.18367187678813934,0.2918267250061035,0.5245014429092407,-0.34082955,8.0,0.375,0.125,0.0,0.71847016,-0.07781550806777635
NVDA,2024-09-01,0.1472167670726776,0.2708609998226166,0.5819222331047058,-0.4347055,7.0,0.0,0.14285714285714285,0.0,0.78277344,-0.27819044134230053
NVDA,2024-09-02,0.33230307698249817,0.1777021884918213,0.48999476432800293,-0.15769169,10.0,0.2,0.0,0.0,0.8483815,0.322934358481272
NVDA,2024-09-03,0.3887900412082672,0.30675971508026123,0.30445024371147156,0.084339805,6.0,0.3333333333333333,0.0,0.0,0.7329346,-0.4785653746168247
NVDA,2024-09-04,0.598678469657898,0.16531731188297272,0.23600424826145172,0.3626742,16.0,0.125,0.125,0.0,0.81297773,1.525183958128417
NVDA,2024-09-05,0.3601914644241333,0.2581169009208679,0.3816916346549988,-0.021500196,16.0,0.1875,0.0625,0.0625,0.8593046,1.525183958128417
NVDA,2024-09-06,0.10230930149555206,0.7427819967269897,0.1549086719751358,-0.052599363,10.0,0.2,0.1,0.0,0.49729398,0.322934358481272
NVDA,2024-09-07,0.20902355015277863,0.3280617892742157,0.46291467547416687,-0.2538911,16.0,0.1875,0.25,0.0,0.74725723,1.525183958128417
NVDA,2024-09-08,0.1380593329668045,0.2991030216217041,0.5628376603126526,-0.4247783,23.0,0.21739130434782608,0.08695652173913043,0.0,0.71002567,2.927808491050086
NVDA,2024-09-09,0.10876598209142685,0.29392287135124207,0.5973111391067505,-0.48854518,20.0,0.2,0.05,0.0,0.66768,2.326683691226514
NVDA,2024-09-10,0.05776347219944,0.37163281440734863,0.5706037878990173,-0.5128403,6.0,0.16666666666666666,0.0,0.0,0.3956063,-0.4785653746168247
NVDA,2024-09-11,0.39576083421707153,0.32846033573150635,0.2757788598537445,0.119981974,9.0,0.3333333333333333,0.1111111111111111,0.0,0.77381176,0.12255942520674783
NVDA,2024-09-12,0.20548652112483978,0.5105389952659607,0.28397443890571594,-0.078487925,6.0,0.16666666666666666,0.16666666666666666,0.0,0.65986854,-0.4785653746168247
NVDA,2024-09-13,0.0780031830072403,0.6872822642326355,0.2347145527601242,-0.15671137,3.0,0.0,0.0,0.0,0.2714224,-1.0796901744403973
NVDA,2024-09-14,0.03908151760697365,0.6771215796470642,0.28379693627357483,-0.24471541,6.0,0.16666666666666666,0.16666666666666666,0.0,0.41416234,-0.4785653746168247
NVDA,2024-09-15,9.593040158506483e-05,0.8001740574836731,0.1997300386428833,-0.1996341,5.0,0.2,0.2,0.0,0.44628537,-0.6789403078913488
NVDA,2024-09-17,0.12414082884788513,0.6252096891403198,0.25064951181411743,-0.12650867,8.0,0.25,0.125,0.0,0.63665074,-0.07781550806777635
NVDA,2024-09-20,0.33075839281082153,0.33360281586647034,0.33563879132270813,-0.0048804083,3.0,0.3333333333333333,0.3333333333333333,0.0,0.9926646,-1.0796901744403973
NVDA,2024-09-21,0.00013285405293572694,0.4955756366252899,0.5042915344238281,-0.5041587,3.0,0.3333333333333333,0.0,0.0,0.49949452,-1.0796901744403973
NVDA,2024-09-22,0.00013285405293572694,0.4955756366252899,0.5042915344238281,-0.5041587,3.0,0.3333333333333333,0.0,0.0,0.49949452,-1.0796901744403973
NVDA,2024-09-23,0.00010527556878514588,0.7433504462242126,0.256544291973114,-0.256439,2.0,0.0,0.0,0.0,0.36166307,-1.2800651077149214
NVDA,2024-09-24,0.9809902906417847,0.003034764900803566,0.015974849462509155,0.9650154,1.0,0.0,0.0,0.0,0.0,-1.4804400409894456
NVDA,2024-09-25,0.14198808372020721,0.334992915391922,0.5230189561843872,-0.3810309,7.0,0.0,0.0,0.0,0.717664,-0.27819044134230053
NVDA,2024-10-21,0.013927162624895573,0.5420265793800354,0.4440462589263916,-0.4301191,8.0,0.125,0.0,0.0,0.49140304,-0.07781550806777635
ORCL,2024-04-04,0.3333333333333333,0.3333333333333333,0.3333333333333333,0.0,0.0,0.0,0.0,0.0,0.0,0.0
ORCL,2024-04-11,0.0005960639682598412,0.9007034301757812,0.09870050102472305,-0.09810444,1.0,0.0,0.0,0.0,0.0,-0.6786080080246288
ORCL,2024-04-12,4.479882420582726e-07,0.9999004602432251,9.90755288512446e-05,-9.862754e-05,2.0,0.5,0.0,0.0,0.00013947986,0.06462933409758365
ORCL,2024-04-13,4.479882420582726e-07,0.9999004602432251,9.90755288512446e-05,-9.862754e-05,2.0,0.5,0.0,0.0,0.00013947986,0.06462933409758365
ORCL,2024-04-21,8.945701779339288e-07,0.999800980091095,0.00019815002451650798,-0.00019725546,1.0,0.0,0.0,0.0,0.0,-0.6786080080246288
ORCL,2024-05-05,5.1166956836823374e-05,0.0003967810480389744,0.9995520710945129,-0.99950093,1.0,0.0,0.0,0.0,0.0,-0.6786080080246288
ORCL,2024-05-16,0.00020789745030924678,0.05058780312538147,0.9492043256759644,-0.9489964,2.0,0.0,0.0,0.0,0.07199866,0.06462933409758365
ORCL,2024-07-07,0.00010480494529474527,2.815022526192479e-05,0.9998670816421509,-0.9997623,1.0,1.0,0.0,0.0,0.0,-0.6786080080246288
ORCL,2024-07-09,0.00015810859622433782,0.998367965221405,0.0014738936442881823,-0.0013157851,1.0,0.0,0.0,0.0,0.0,-0.6786080080246288
ORCL,2024-07-14,2.059582584479358e-05,1.3374635443597072e-07,0.9999792575836182,-0.99995863,1.0,0.0,0.0,0.0,0.0,-0.6786080080246288
ORCL,2024-08-20,5.1167055062251166e-05,0.00039678276516497135,0.9995520710945129,-0.99950093,1.0,0.0,0.0,0.0,0.0,-0.6786080080246288
ORCL,2024-09-06,8.65203492139699e-06,2.937668774904978e-08,0.9999912977218628,-0.99998266,1.0,0.0,0.0,0.0,0.0,-0.6786080080246288
ORCL,2024-09-09,2.9248883492982714e-07,0.9995465874671936,0.0004530352307483554,-0.00045274274,1.0,0.0,0.0,0.0,0.0,-0.6786080080246288
ORCL,2024-09-10,6.015402931325298e-08,0.9999991059303284,7.807134920767567e-07,-7.2055946e-07,3.0,0.6666666666666666,0.0,0.0,8.365877e-07,0.8078666762197961
ORCL,2024-09-11,0.006577333901077509,0.491098016500473,0.502324640750885,-0.4957473,6.0,0.0,0.0,0.0,0.53353536,3.037578702586434
ORCL,2024-09-12,0.002271137433126569,0.40587925910949707,0.5918496251106262,-0.58957845,5.0,0.2,0.2,0.0,0.538324,2.294341360464221
ORCL,2024-09-13,0.03709753602743149,0.5004442930221558,0.46245819330215454,-0.42536065,2.0,0.5,0.5,0.0,0.6015508,0.06462933409758365
ORCL,2024-09-14,0.037103474140167236,0.5004369020462036,0.46245965361595154,-0.42535618,2.0,0.0,0.0,0.0,0.60155714,0.06462933409758365
ORCL,2024-09-15,0.03710319474339485,0.5004369020462036,0.462459921836853,-0.42535675,2.0,0.0,0.0,0.0,0.6015579,0.06462933409758365
ORCL,2024-09-17,0.00013166542339604348,0.6672708988189697,0.3325974643230438,-0.3324658,3.0,0.0,0.0,0.0,0.57582325,0.8078666762197961
ORCL,2024-09-21,0.005817590747028589,0.6431791186332703,0.3510033190250397,-0.34518573,3.0,0.0,0.0,0.0,0.56512886,0.8078666762197961
ORCL,2024-09-22,0.0004005966184195131,2.3709553715889342e-05,0.999575674533844,-0.9991751,1.0,0.0,0.0,0.0,0.0,-0.6786080080246288
ORCL,2024-09-23,0.00040059510502032936,2.370959919062443e-05,0.999575674533844,-0.9991751,1.0,0.0,0.0,0.0,0.0,-0.6786080080246288
PLTR,2024-04-06,0.3333333333333333,0.3333333333333333,0.3333333333333333,0.0,0.0,0.0,0.0,0.0,0.0,0.0
PLTR,2024-04-08,0.0018525209743529558,0.3981025218963623,0.6000449657440186,-0.59819245,4.0,0.0,0.0,0.0,0.49024302,1.531152488953319
PLTR,2024-04-10,0.0003333954664412886,0.00018285591795574874,0.9994837045669556,-0.99915034,1.0,0.0,0.0,0.0,0.0,-0.4727047952473334
PLTR,2024-04-11,0.00506655965000391,0.007218287792056799,0.9877150654792786,-0.9826485,1.0,0.0,0.0,0.0,0.0,-0.4727047952473334
PLTR,2024-04-12,6.38755818727077e-06,0.9999582171440125,3.544513674569316e-05,-2.9057579e-05,3.0,1.0,0.0,0.0,4.4703906e-05,0.863200060886435
PLTR,2024-04-13,6.38755818727077e-06,0.9999582171440125,3.544513674569316e-05,-2.9057579e-05,3.0,1.0,0.0,0.0,4.4703906e-05,0.863200060886435
PLTR,2024-04-14,9.580632649885956e-06,0.9999372363090515,5.316684109857306e-05,-4.358621e-05,2.0,1.0,0.0,0.0,5.2253294e-05,0.1952476328195508
PLTR,2024-04-15,0.0009061673190444708,0.0004832804552279413,0.9986104965209961,-0.9977043,1.0,0.0,0.0,0.0,0.0,-0.4727047952473334
PLTR,2024-04-17,0.0009061664459295571,0.0004832813865505159,0.9986104965209961,-0.9977043,1.0,0.0,0.0,0.0,0.0,-0.4727047952473334
PLTR,2024-04-18,2.3212626274471404e-06,0.9999741315841675,2.3587226678500883e-05,-2.1265963e-05,1.0,1.0,0.0,0.0,0.0,-0.4727047952473334
PLTR,2024-04-19,0.08418934047222137,0.6510083079338074,0.26480236649513245,-0.18061303,1.0,0.0,0.0,0.0,0.0,-0.4727047952473334
PLTR,2024-04-20,0.0016524172388017178,0.01191026158630848,0.9864373207092285,-0.98478484,2.0,0.0,0.0,0.0,0.02145869,0.1952476328195508
PLTR,2024-04-21,0.020406516268849373,0.012214300222694874,0.9673792123794556,-0.94697267,2.0,0.0,0.0,0.0,0.03201584,0.1952476328195508
PLTR,2024-04-27,0.03751017525792122,0.0006456265691667795,0.9618442058563232,-0.92433405,1.0,0.0,0.0,0.0,0.0,-0.4727047952473334
PLTR,2024-04-28,0.001344958902336657,0.0006109546520747244,0.9980441331863403,-0.99669915,1.0,0.0,0.0,0.0,0.0,-0.4727047952473334
PLTR,2024-04-29,0.001344958902336657,0.0006109546520747244,0.9980441331863403,-0.99669915,1.0,0.0,0.0,0.0,0.0,-0.4727047952473334
PLTR,2024-05-02,0.001607176847755909,0.0009910304797813296,0.9974018335342407,-0.99579465,1.0,0.0,0.0,0.0,0.0,-0.4727047952473334
PLTR,2024-05-05,0.0005104345036670566,0.000263047288171947,0.9992265701293945,-0.9987161,1.0,0.0,0.0,0.0,0.0,-0.4727047952473334
PLTR,2024-05-10,9.620437049306929e-05,0.006001910660415888,0.9939018487930298,-0.99380565,1.0,0.0,0.0,0.0,0.0,-0.4727047952473334
PLTR,2024-05-16,0.23728936910629272,0.044406842440366745,0.7183037400245667,-0.4810144,3.0,0.0,0.0,0.0,0.7824067,0.863200060886435
PLTR,2024-07-07,0.49814414978027344,0.020727721974253654,0.48112818598747253,0.017015964,2.0,0.5,0.0,0.0,1.3312695,0.1952476328195508
PLTR,2024-07-09,0.013935089111328125,0.002130389679223299,0.9839344620704651,-0.9699994,1.0,1.0,0.0,0.0,0.0,-0.4727047952473334
PLTR,2024-07-10,0.0001325672637904063,6.906537601025775e-05,0.9997984766960144,-0.9996659,1.0,1.0,0.0,0.0,0.0,-0.4727047952473334
PLTR,2024-07-11,4.290223296266049e-05,0.9996515512466431,0.00030549129587598145,-0.00026258908,1.0,0.0,0.0,0.0,0.0,-0.4727047952473334
PLTR,2024-07-12,3.557288721367513e-07,0.999985933303833,1.3672193745151162e-05,-1.3316465e-05,1.0,1.0,0.0,0.0,0.0,-0.4727047952473334
PLTR,2024-07-15,3.557288721367513e-07,0.999985933303833,1.3672193745151162e-05,-1.3316465e-05,1.0,1.0,0.0,0.0,0.0,-0.4727047952473334
PLTR,2024-07-16,0.03751017525792122,0.000645626278128475,0.9618442058563232,-0.92433405,1.0,0.0,0.0,0.0,0.0,-0.4727047952473334
PLTR,2024-07-17,2.135923750756774e-05,0.0388655923306942,0.9611131548881531,-0.9610918,1.0,0.0,0.0,0.0,0.0,-0.4727047952473334
PLTR,2024-07-18,0.0001438622421119362,0.00018171328702010214,0.9996744394302368,-0.99953055,1.0,0.0,0.0,0.0,0.0,-0.4727047952473334
PLTR,2024-07-19,7.193168858066201e-05,0.5000908374786377,0.4998372197151184,-0.49976528,2.0,0.5,0.0,0.0,0.70677483,0.1952476328195508
PLTR,2024-07-20,9.980781032936648e-05,0.49999842047691345,0.49990180134773254,-0.499802,2.0,0.5,0.0,0.0,0.7068116,0.1952476328195508
PLTR,2024-07-21,9.980781032936648e-05,0.49999842047691345,0.49990180134773254,-0.499802,2.0,0.5,0.0,0.0,0.7068116,0.1952476328195508
PLTR,2024-07-29,9.98076211544685e-05,0.49999842047691345,0.49990180134773254,-0.499802,2.0,0.5,0.0,0.0,0.7068116,0.1952476328195508
PLTR,2024-07-30,2.2569463908439502e-05,0.0004000147746410221,0.9995774626731873,-0.9995549,1.0,0.0,0.0,0.0,0.0,-0.4727047952473334
PLTR,2024-08-03,2.2569463908439502e-05,0.0004000147746410221,0.9995774626731873,-0.9995549,1.0,0.0,0.0,0.0,0.0,-0.4727047952473334
PLTR,2024-08-04,5.964772071820335e-07,0.9999771118164062,2.2291362256510183e-05,-2.1694885e-05,1.0,0.0,0.0,0.0,0.0,-0.4727047952473334
PLTR,2024-08-05,5.964772071820335e-07,0.9999771118164062,2.2291362256510183e-05,-2.1694885e-05,1.0,0.0,0.0,0.0,0.0,-0.4727047952473334
PLTR,2024-08-06,0.006248100660741329,0.9922394752502441,0.001512426882982254,0.004735674,1.0,0.0,0.0,0.0,0.0,-0.4727047952473334
PLTR,2024-08-07,0.49999624490737915,0.5000002980232239,3.4523504837125074e-06,0.4999928,2.0,1.0,0.0,0.0,0.7070966,0.1952476328195508
PLTR,2024-08-10,0.0013258217368274927,0.6798300743103027,0.3188440799713135,-0.31751823,7.0,0.42857142857142855,0.0,0.0,0.46333572,3.5350097731539716
PLTR,2024-08-11,3.774312062887475e-05,0.00012599170440807939,0.9998362064361572,-0.9997985,1.0,0.0,0.0,0.0,0.0,-0.4727047952473334
PLTR,2024-08-12,3.0182696718838997e-05,0.9999575614929199,1.2283643627597485e-05,1.7899052e-05,1.0,0.0,0.0,0.0,0.0,-0.4727047952473334
PLTR,2024-08-15,0.0656106173992157,0.0006949550588615239,0.9336943626403809,-0.8680837,1.0,0.0,0.0,0.0,0.0,-0.4727047952473334
PLTR,2024-08-16,1.917791614403086e-08,1.0,1.8440019289300835e-08,7.3789685e-10,1.0,0.0,0.0,0.0,0.0,-0.4727047952473334
PLTR,2024-08-17,2.1820706024300307e-05,0.9998165369033813,0.00016162697284016758,-0.00013980627,2.0,0.5,0.0,0.0,0.00017364192,0.1952476328195508
PLTR,2024-08-18,0.002391173504292965,0.33130785822868347,0.6663009524345398,-0.6639098,1.0,0.0,0.0,0.0,0.0,-0.4727047952473334
PLTR,2024-08-19,0.0012923129834234715,0.6643568873405457,0.3343507945537567,-0.3330585,2.0,0.5,0.0,0.0,0.46789423,0.1952476328195508
PLTR,2024-08-22,2.404224142082967e-05,4.272732985555194e-05,0.9999332427978516,-0.9999092,1.0,0.0,0.0,0.0,0.0,-0.4727047952473334
PLTR,2024-08-26,0.0001782062608981505,0.00022089388221502304,0.9996009469032288,-0.9994227,1.0,0.0,0.0,0.0,0.0,-0.4727047952473334
PLTR,2024-08-28,1.0409581108206112e-07,0.9999991655349731,7.042490892672504e-07,-6.0015327e-07,1.0,1.0,0.0,0.0,0.0,-0.4727047952473334
PLTR,2024-08-29,3.958433580919518e-08,0.9999998807907104,5.172222827809492e-08,-1.21378925e-08,1.0,1.0,0.0,0.0,0.0,-0.4727047952473334
PLTR,2024-08-30,0.0015085244085639715,0.016458693891763687,0.9820327162742615,-0.9805242,1.0,1.0,0.0,0.0,0.0,-0.4727047952473334
PLTR,2024-08-31,3.037872193090152e-05,0.9996496438980103,0.00031993695301935077,-0.00028955823,1.0,0.0,0.0,0.0,0.0,-0.4727047952473334
PLTR,2024-09-03,3.0378636438399553e-05,0.9996496438980103,0.0003199366619810462,-0.00028955803,1.0,0.0,0.0,0.0,0.0,-0.4727047952473334
PLTR,2024-09-06,0.04017678648233414,0.03110867738723755,0.9287144541740417,-0.88853765,1.0,0.0,0.0,0.0,0.0,-0.4727047952473334
PLTR,2024-09-07,5.059935119788861e-06,0.3333450257778168,0.6666499376296997,-0.6666449,3.0,0.3333333333333333,0.0,0.0,0.5773314,0.863200060886435
PLTR,2024-09-08,0.042812615633010864,0.42880910634994507,0.5283783078193665,-0.48556566,4.0,0.25,0.0,0.0,0.5944465,1.531152488953319
PLTR,2024-09-09,0.04281274229288101,0.4288089871406555,0.5283782482147217,-0.48556554,4.0,0.25,0.0,0.0,0.59444666,1.531152488953319
PLTR,2024-09-10,0.0033914472442120314,0.3429415225982666,0.6536670327186584,-0.6502756,10.0,0.1,0.0,0.0,0.46272162,5.538867057354625
PLTR,2024-09-11,1.43923489304143e-05,0.9998380541801453,0.00014751707203686237,-0.00013312472,3.0,0.0,0.0,0.0,0.00013133357,0.863200060886435
PLTR,2024-09-14,2.068921745035368e-08,1.0,1.975052832392521e-08,9.386891e-10,1.0,0.0,0.0,0.0,0.0,-0.4727047952473334
PLTR,2024-09-15,0.2626451551914215,0.00025227590231224895,0.7371026277542114,-0.47445747,1.0,0.0,0.0,0.0,0.0,-0.4727047952473334
PLTR,2024-09-17,0.2626451551914215,0.00025227590231224895,0.7371026277542114,-0.47445747,1.0,0.0,0.0,0.0,0.0,-0.4727047952473334
PLTR,2024-09-22,2.9239810572789793e-08,0.9999997615814209,2.5875570486277866e-07,-2.2951589e-07,1.0,0.0,0.0,0.0,0.0,-0.4727047952473334
PLTR,2024-09-23,7.804655410836858e-07,2.7371443138690665e-06,0.9999964237213135,-0.99999565,1.0,0.0,0.0,0.0,0.0,-0.4727047952473334
SNOW,2024-04-06,0.3333333333333333,0.3333333333333333,0.3333333333333333,0.0,0.0,0.0,0.0,0.0,0.0,0.0
SNOW,2024-04-08,0.08696087449789047,0.015414321795105934,0.8976247906684875,-0.81066394,1.0,0.0,0.0,0.0,0.0,-0.6461950251188603
SNOW,2024-04-09,0.3136073648929596,0.6691016554832458,0.01729101873934269,0.29631636,3.0,0.3333333333333333,0.0,0.0,0.5132379,1.8462715003396006
SNOW,2024-04-11,0.9276589155197144,8.503717981511727e-05,0.07225606590509415,0.8554028,1.0,0.0,0.0,0.0,0.0,-0.6461950251188603
SNOW,2024-04-12,5.828672211549701e-09,0.9999992847442627,7.402354640362319e-07,-7.344068e-07,1.0,0.0,0.0,0.0,0.0,-0.6461950251188603
SNOW,2024-04-14,5.828672211549701e-09,0.9999992847442627,7.402354640362319e-07,-7.344068e-07,1.0,0.0,0.0,0.0,0.0,-0.6461950251188603
SNOW,2024-04-15,2.4777850171631144e-07,0.999998927116394,8.800232080830028e-07,-6.322447e-07,1.0,0.0,0.0,0.0,0.0,-0.6461950251188603
SNOW,2024-04-20,2.477775353781908e-07,0.999998927116394,8.800181490187242e-07,-6.322406e-07,1.0,0.0,0.0,0.0,0.0,-0.6461950251188603
SNOW,2024-04-21,6.423387094400823e-05,0.9993755221366882,0.0005602941964752972,-0.00049606035,1.0,0.0,0.0,0.0,0.0,-0.6461950251188603
SNOW,2024-05-05,3.6022887798026204e-05,0.4996907114982605,0.5002732276916504,-0.5002372,2.0,0.0,0.0,0.0,0.70674074,0.6000382376103701
SNOW,2024-05-16,0.9999933242797852,4.453055737485556e-07,6.140398909337819e-06,0.9999872,1.0,1.0,0.0,0.0,0.0,-0.6461950251188603
SNOW,2024-07-09,2.8281943741603754e-05,5.503969532583142e-06,0.9999662637710571,-0.999938,1.0,0.0,0.0,0.0,0.0,-0.6461950251188603
SNOW,2024-07-16,0.009256591089069843,1.2543225238914602e-05,0.9907309412956238,-0.98147434,1.0,0.0,0.0,0.0,0.0,-0.6461950251188603
SNOW,2024-07-17,0.000868199102114886,0.0001308653736487031,0.9990009665489197,-0.99813277,1.0,0.0,0.0,0.0,0.0,-0.6461950251188603
SNOW,2024-07-18,0.14613451063632965,0.4543106257915497,0.39955487847328186,-0.25342038,3.0,0.0,0.0,0.0,0.53833896,1.8462715003396006
SNOW,2024-07-31,0.1461348533630371,0.4543103277683258,0.3995548188686371,-0.25341997,3.0,0.0,0.0,0.0,0.538339,1.8462715003396006
SNOW,2024-08-15,0.2444772720336914,0.08830150961875916,0.667221188545227,-0.42274392,1.0,0.0,0.0,0.0,0.0,-0.6461950251188603
SNOW,2024-08-20,0.3771679997444153,0.5001099705696106,0.12272202223539352,0.25444597,2.0,0.0,0.0,0.0,0.35985002,0.6000382376103701
SNOW,2024-08-21,3.47055283782538e-05,2.63843986658685e-07,0.9999650716781616,-0.9999304,1.0,0.0,0.0,0.0,0.0,-0.6461950251188603
SNOW,2024-08-22,0.5504208207130432,0.014266879297792912,0.43531227111816406,0.11510857,3.0,0.0,0.0,0.0,0.97329116,1.8462715003396006
SNOW,2024-08-24,0.6007632613182068,0.0007923923549242318,0.39844441413879395,0.2023188,3.0,0.0,0.0,0.0,1.0419254,1.8462715003396006
SNOW,2024-08-25,0.5271287560462952,0.0006168966647237539,0.47225433588027954,0.05487442,2.0,0.0,0.0,0.0,1.3355993,0.6000382376103701
SNOW,2024-08-29,0.5271287560462952,0.0006168966647237539,0.47225433588027954,0.05487442,2.0,0.0,0.0,0.0,1.3355993,0.6000382376103701
SNOW,2024-08-31,0.9974629878997803,0.0002372816961724311,0.0022996924817562103,0.9951633,1.0,0.0,0.0,0.0,0.0,-0.6461950251188603
SNOW,2024-09-01,6.423399463528767e-05,0.9993755221366882,0.0005602939054369926,-0.0004960599,1.0,0.0,0.0,0.0,0.0,-0.6461950251188603
SNOW,2024-09-06,6.423387094400823e-05,0.9993755221366882,0.0005602941964752972,-0.00049606035,1.0,0.0,0.0,0.0,0.0,-0.6461950251188603
SNOW,2024-09-09,6.633616767004469e-09,1.0,2.051459269125644e-08,-1.3880976e-08,1.0,1.0,0.0,0.0,0.0,-0.6461950251188603
TSM,2024-04-03,0.3333333333333333,0.3333333333333333,0.3333333333333333,0.0,0.0,0.0,0.0,0.0,0.0,0.0
TSM,2024-04-04,9.111691178986803e-05,2.480940929672215e-05,0.9998841285705566,-0.999793,1.0,0.0,1.0,0.0,0.0,-0.5605017398944574
TSM,2024-04-08,0.16265688836574554,0.06745550781488419,0.7698875665664673,-0.60723066,1.0,0.0,1.0,0.0,0.0,-0.5605017398944574
TSM,2024-04-09,6.583624781342223e-05,0.9677208065986633,0.032213326543569565,-0.032147493,3.0,0.3333333333333333,1.0,0.0,0.05563763,2.3409190313239097
TSM,2024-04-10,2.802250165245823e-08,1.0,3.7246605799623467e-09,2.429784e-08,2.0,0.5,0.5,0.0,2.4234339e-08,0.8902086457147261
TSM,2024-04-11,1.3765472431259695e-05,0.5000031590461731,0.4999830722808838,-0.4999693,2.0,0.0,1.0,0.0,0.70706344,0.8902086457147261
TSM,2024-04-12,8.622313544037752e-06,0.9999880790710449,3.2628288408886874e-06,5.359485e-06,1.0,0.0,1.0,0.0,0.0,-0.5605017398944574
TSM,2024-04-13,8.622313544037752e-06,0.9999880790710449,3.2628288408886874e-06,5.359485e-06,1.0,0.0,1.0,0.0,0.0,-0.5605017398944574
TSM,2024-04-17,0.01034199632704258,0.9040448665618896,0.08561311662197113,-0.075271115,2.0,0.0,1.0,0.0,0.10645702,0.8902086457147261
TSM,2024-04-18,0.0020706746727228165,0.9093902707099915,0.08853903412818909,-0.08646836,1.0,0.0,0.0,0.0,0.0,-0.5605017398944574
TSM,2024-04-19,0.989513635635376,0.00023563779541291296,0.010250728577375412,0.97926295,2.0,0.0,1.0,0.0,0.029325735,0.8902086457147261
TSM,2024-04-20,0.7436559200286865,0.2501240670681,0.006219979841262102,0.73743594,4.0,0.0,0.75,0.0,0.49194774,3.791629416933093
TSM,2024-04-21,0.0012292094761505723,0.0011516110971570015,0.9976192116737366,-0.99639,1.0,0.0,1.0,0.0,0.0,-0.5605017398944574
TSM,2024-04-25,0.0012292094761505723,0.0011516110971570015,0.9976192116737366,-0.99639,1.0,0.0,1.0,0.0,0.0,-0.5605017398944574
TSM,2024-04-30,0.06952320784330368,0.0022011396940797567,0.9282756447792053,-0.8587524,1.0,0.0,1.0,0.0,0.0,-0.5605017398944574
TSM,2024-05-10,4.1944000258808956e-05,0.00010597547225188464,0.9998520612716675,-0.9998101,1.0,0.0,1.0,0.0,0.0,-0.5605017398944574
TSM,2024-07-07,2.5812538297032006e-05,0.9918115139007568,0.008162706159055233,-0.008136894,1.0,0.0,1.0,0.0,0.0,-0.5605017398944574
TSM,2024-07-08,0.03128649666905403,0.0888003334403038,0.8799131512641907,-0.8486266,2.0,0.0,1.0,0.0,0.21326858,0.8902086457147261
TSM,2024-07-09,0.019218340516090393,0.9270609617233276,0.05372072011232376,-0.03450238,2.0,0.5,0.5,0.0,0.026042411,0.8902086457147261
TSM,2024-07-10,0.0052373879589140415,0.9814701080322266,0.013292469084262848,-0.008055082,2.0,0.0,1.0,0.0,0.011359911,0.8902086457147261
TSM,2024-07-16,3.612951502418582e-07,0.9999788999557495,2.079218211292755e-05,-2.0430887e-05,1.0,0.0,0.0,0.0,0.0,-0.5605017398944574
TSM,2024-07-17,0.03305000066757202,0.00034618450445123017,0.9666038751602173,-0.9335539,1.0,0.0,1.0,0.0,0.0,-0.5605017398944574
TSM,2024-07-18,0.49876198172569275,0.5002874732017517,0.0009505689376965165,0.4978114,2.0,0.0,0.5,0.0,0.7040116,0.8902086457147261
TSM,2024-07-19,0.017096519470214844,0.9819648861885071,0.0009386215242557228,0.016157897,3.0,0.0,1.0,0.0,0.027965665,2.3409190313239097
TSM,2024-07-20,7.332517270697281e-06,0.9999769330024719,1.573069857840892e-05,-8.398182e-06,2.0,0.0,0.5,0.0,8.265754e-06,0.8902086457147261
TSM,2024-07-25,7.332517270697281e-06,0.9999769330024719,1.573069857840892e-05,-8.398182e-06,2.0,0.0,0.5,0.0,8.265754e-06,0.8902086457147261
TSM,2024-07-26,2.9483024263754487e-05,2.5849754820228554e-05,0.9999446868896484,-0.9999152,1.0,0.0,0.0,0.0,0.0,-0.5605017398944574
TSM,2024-07-28,2.9483024263754487e-05,2.5849754820228554e-05,0.9999446868896484,-0.9999152,1.0,0.0,0.0,0.0,0.0,-0.5605017398944574
TSM,2024-08-07,4.1825755943136755e-06,0.9999266862869263,6.916176062077284e-05,-6.4979184e-05,1.0,1.0,0.0,0.0,0.0,-0.5605017398944574
TSM,2024-08-17,0.4324558675289154,0.0014976824168115854,0.566046416759491,-0.13359055,1.0,1.0,1.0,0.0,0.0,-0.5605017398944574
TSM,2024-08-18,3.7116882367627113e-07,0.9999994039535522,2.3463681486646237e-07,1.3653201e-07,1.0,0.0,0.0,0.0,0.0,-0.5605017398944574
TSM,2024-08-28,3.7116919315849373e-07,0.9999994039535522,2.3463726961381326e-07,1.3653192e-07,1.0,0.0,0.0,0.0,0.0,-0.5605017398944574
TSM,2024-08-29,0.9997358918190002,0.00021417766402009875,4.9920021410798654e-05,0.99968594,1.0,1.0,1.0,0.0,0.0,-0.5605017398944574
TSM,2024-08-30,0.13521383702754974,0.001757729216478765,0.8630284667015076,-0.7278146,1.0,0.0,1.0,0.0,0.0,-0.5605017398944574
TSM,2024-08-31,8.138601697282866e-05,7.856771844672039e-06,0.9999107122421265,-0.99982935,1.0,0.0,1.0,0.0,0.0,-0.5605017398944574
TSM,2024-09-03,8.138632256304845e-05,7.856824595364742e-06,0.9999107122421265,-0.99982935,1.0,0.0,1.0,0.0,0.0,-0.5605017398944574
TSM,2024-09-04,0.9162502288818359,0.0006869933567941189,0.08306276798248291,0.83318746,1.0,0.0,1.0,0.0,0.0,-0.5605017398944574
TSM,2024-09-06,2.3447370040230453e-05,0.9959635734558105,0.004012904595583677,-0.003989457,1.0,1.0,0.0,0.0,0.0,-0.5605017398944574
TSM,2024-09-07,7.130254431331196e-08,0.9999974966049194,2.41651946453203e-06,-2.345217e-06,1.0,1.0,0.0,0.0,0.0,-0.5605017398944574
TSM,2024-09-08,5.05324533150997e-06,0.9999384880065918,5.6433786085108295e-05,-5.1380543e-05,1.0,0.0,1.0,0.0,0.0,-0.5605017398944574
TSM,2024-09-09,5.05325033373083e-06,0.9999384880065918,5.643389522447251e-05,-5.1380644e-05,1.0,0.0,1.0,0.0,0.0,-0.5605017398944574
TSM,2024-09-10,0.00018707397975958884,0.8504381775856018,0.1493747979402542,-0.14918773,1.0,0.0,1.0,0.0,0.0,-0.5605017398944574
TSM,2024-09-20,0.9241818189620972,0.002511029364541173,0.07330719381570816,0.8508746,1.0,0.0,1.0,0.0,0.0,-0.5605017398944574
TSM,2024-09-21,0.0002529648772906512,1.550562160446134e-06,0.9997454285621643,-0.99949247,1.0,0.0,1.0,0.0,0.0,-0.5605017398944574
